Workbook

Sheet UNSKILLED
A2: HOME CARE/UNSKILLED Participant's First and Last Name | B2: Participant's ID | C2: Participant's Authorization Number | D2: BrightStar Employee | E2: Frequency | F2: No. of hours per visit | G2: Day(s) Scheduled | H2: Scheduled Service Time | I2: Date Approved | J2: Date Authorization Expires | K2: Remarks | L2: Home Care Contact | M2: Case Manager | N2: Contact No. (619) 515-2445 extension | O2: Email
A3: Adame, R. | B3: 100540727 | C3: 25359099 | D3: Bibiana M. | E3: 3xweek | F3: 2 | G3: Tues, Wed, Fri | H3: 12:00 am - 2:00 pm | I3: 45946 | J3: 46022 | K3: paused/on hold | L3: Gaunce, Christina <christinagau@fhcsd.org> | M3: Maribel | N3: 7017 | O3: maribele@fhcsd.org
A4: Adame-Hurtado, E. | B4: 100528529 | C4: 22810186 | D4: Adriana C. | E4: 3xweek | F4: 2 | G4: Tues, Wed, Fri | H4: 10:00 am - 12:00 am | I4: 45824 | J4: 45915 | K4: SNF | L4: Gaunce, Christina <christinagau@fhcsd.org> | M4: Maribel | N4: 7017 | O4: maribele@fhcsd.org
A5: Alcaraz, A. | B5: 101308633 | C5: 25131430 | D5: Trina H. | E5: 3xweek | F5: 2 | G5: M, W, F | H5: 9:00 am - 11:00 am | I5: 45994 | J5: 46081 | K5: - | L5: Bartolomei, Keri <kerib@fhcsd.org> | M5: Jocelyn | N5: (760) 826-7223 EXT 8072 | O5: jocelyng@fhcsd.org
A6: Alvarez, F. | B6: 100652558 | C6: 27102187 | D6: Perla C. | E6: 1x Week | F6: 2 | G6: Tues | H6: 1:00 pm - 3:00 pm | I6: 46029 | J6: 46082 | L6: Gaunce, Christina <christinagau@fhcsd.org> | M6: Aaron | N6: 7011 | O6: aarongo@fhcsd.org
A7: Alvarez, J. | B7: 100375790 | C7: 26835405 | D7: Perla C. | E7: 2x Week | F7: 2 | G7: Tues & Thurs | H7: 9:00 am - 11:00 am | I7: 46023 | J7: 46142 | L7: Gaunce, Christina <christinagau@fhcsd.org> | M7: Galia | N7: 3705 | O7: galias@fhcsd.org
A8: Anderman, C. | B8: 100677194 | C8: 25060838 | D8: Chelsea C. | E8: 1x Week | F8: 2 | G8: Wed | H8: 10:00am - 12:00pm | I8: 45933 | J8: 46081
A9: Arnold, M. | B9: 101304332 | C9: 26089949 | D9: Trina T. | E9: 5xweek | F9: 2 | G9: Mon to Fri | H9: 10:00am - 12:00pm | I9: 45980 | J9: 46081
A10: Arviso, J. | B10: 101294377 | C10: 24961917 | D10: Roya T. | E10: 2xweek | F10: 2 | G10: Wed, Fri | H10: 11:00 am - 1:00 pm | I10: 45929 | J10: 46104
A11: Bearden, K. | B11: 101358864 | C11: 23773688 | D11: Roya T. | E11: 1xweek | F11: 2 | G11: Mon | H11: 9:30AM - 11:30AM | I11: 45873 | J11: 46029 | K11: - | L11: Bartolomei, Keri <kerib@fhcsd.org> | M11: Jocelyn | N11: (760) 826-7223 EXT 8072 | O11: jocelyng@fhcsd.org
A12: Berend, S. | B12: 100836743 | C12: 22634863 | D12: Laura A. | E12: 4xweek | F12: 2 | G12: Wed, Thurs, Sat, Sun | H12: 12:00pm-2:00 pm | I12: 45925 | J12: 46081 | L12: Gaunce, Christina <christinagau@fhcsd.org> | M12: Danielle T. | N12: 3763 | O12: daniellet@fhcsd.org
A13: Bernanke, F. | B13: 101412699 | C13: 26947990 | D13: Tamir L. | E13: 2xweek | F13: 2 | G13: Tue, Thur | H13: 1:00 pm - 3:00 pm | I13: 46023 | J13: 46173 | L13: Gaunce, Christina <christinagau@fhcsd.org> | M13: Danielle T. | N13: 3763 | O13: daniellet@fhcsd.org
A14: Binder, J. | B14: 100754702 | C14: 25602406 | D14: Perla C. | E14: 5xweek | F14: 2 | G14: M, W, F, Sat and Sun | H14: 9am - 11am | I14: 45954 | J14: 46022 | K14: hospitalized/SNF | L14: Gaunce, Christina <christinagau@fhcsd.org> | M14: Lory | N14: 1707 | O14: Servil, Lory <lorys@fhcsd.org>
A15: Binder, J. | B15: 100754702 | C15: 25602406 | D15: Andres G. | E15: 2xweek | F15: 2 | G15: Tues,Thur | H15: 10am-12pm | I15: 45954 | J15: 46022 | L15: Gaunce, Christina <christinagau@fhcsd.org> | M15: Lory | N15: 1707 | O15: Servil, Lory <lorys@fhcsd.org>
A16: Bixby, R. | B16: 101391145 | C16: 26728263 | D16: Roya T. | E16: 1xweek | F16: 2 | G16: TBC | H16: 2:00pm - 4:00pm | I16: 45992 | J16: 46170
A17: Bolanos, A. | B17: 100875551 | C17: 24211905 | D17: Bethzaida K. | E17: 2xweek | F17: 2 | G17: Tue, Thur | H17: 2:00pm - 4:00pm | I17: 45890 | J17: 45688 | L17: Gaunce, Christina <christinagau@fhcsd.org>
A18: Boston, J. | B18: 101422408 | C18: 24329694 | D18: Chelsea C. | E18: 1xweek | F18: 2 | G18: Fri | H18: 10am-12pm | I18: 45898 | J18: 46056
A19: Bradbury, F. | B19: 100895931 | C19: 26668023 | D19: Aiden S. | E19: 7xweek | F19: 2 | G19: M-Fri | H19: 7am - 9am | I19: 46008 | J19: 46081 | L19: Gaunce, Christina <christinagau@fhcsd.org>
A20: Bradbury, F. | B20: 100895931 | C20: 26668023 | D20: Aiden S. | E20: 7xweek | F20: 2 | G20: Sat-sun | H20: 8am - 10am | I20: 46008 | J20: 46081 | L20: Gaunce, Christina <christinagau@fhcsd.org>
A21: Brae, A. | B21: 101306395 | C21: 26792309 | D21: Analhi C. | E21: 5xweek | F21: 2 | G21: Mon-Fri | H21: 11:00am-1:00 pm | I21: 46013 | J21: 46142 | L21: Gaunce, Christina <christinagau@fhcsd.org>
A22: Calderon, E. | B22: 100038800 | C22: 20793289 | D22: Margarita M. | E22: 3xWeek | F22: 2 | G22: Mon - Wed | H22: 8:00 am - 10:00 am | I22: 45915 | J22: 46053 | K22: Mon & Th: 8am & after 4pm visits | L22: Gaunce, Christina <christinagau@fhcsd.org> | M22: Mercy | N22: 5940 | O22: mercyc@fhcsd.org
A23: Calderon, E. | B23: 100038800 | C23: 20793289 | D23: Margarita M. | E23: 3xWeek | F23: 2 | G23: Mon - Wed | H23: 3:00 pm - 5:00 pm | I23: 45915 | J23: 46053 | K23: Mon & Th: 8am & after 4pm visits | L23: Gaunce, Christina <christinagau@fhcsd.org> | M23: Mercy | N23: 5940 | O23: mercyc@fhcsd.org
A24: Calderon, E. | B24: 100038800 | C24: 20793289 | D24: Perla C. | E24: 4xWeek | F24: 2 | G24: Thur - Sun | H24: 8:00 am - 10:00 am | I24: 45915 | J24: 46053 | K24: Mon & Th: 8am & after 4pm visits | L24: Gaunce, Christina <christinagau@fhcsd.org> | M24: Mercy | N24: 5940 | O24: mercyc@fhcsd.org
A25: Calderon, E. | B25: 100038800 | C25: 20793289 | D25: Perla C. | E25: 4xWeek | F25: 2 | G25: Thur - Sun | H25: 3:00 pm - 5:00 pm | I25: 45915 | J25: 46053 | K25: Mon & Th: 8am & after 4pm visits | L25: Gaunce, Christina <christinagau@fhcsd.org> | M25: Mercy | N25: 5940 | O25: mercyc@fhcsd.org
A26: Campbell, C. | B26: 101375560 | C26: 26792866 | D26: Aiden S. | E26: 7xwek | F26: 2 | G26: Daily | H26: 3:00 pm - 5:00 pm | I26: 46029 | J26: 46054 | L26: Gaunce, Christina <christinagau@fhcsd.org> | M26: Lory | N26: 1707 | O26: Servil, Lory <lorys@fhcsd.org>
A27: Chaaban, R. | B27: 101289778 | C27: 25987335 | D27: Analhi C. | E27: 1xweek | F27: 2 | G27: Tues | H27: 11:00am-1:00 pm | I27: 46023 | J27: 46142 | M27: Shari | N27: (760) 826-7223 EXT 8073 | O27: ; sharid@fhcsd.org
A28: Contreras-Padilla, S. | B28: 101360806 | C28: 18749853 | D28: Trina T. | I28: 45580 | J28: 45747 | K28: Escort assistance only | L28: Bartolomei, Keri <kerib@fhcsd.org> | M28: Shari | N28: (760) 826-7223 EXT 8073 | O28: ; sharid@fhcsd.org
A29: Cork, J. | B29: 101403930 | C29: 25060742 | D29: Analhi C. | E29: 2xweek | F29: 2 | G29: Friday | H29: 8:00 am - 10:00 am | I29: 45933 | J29: 46081 | K29: - | L29: Bartolomei, Keri <kerib@fhcsd.org> | M29: Shari | N29: (760) 826-7223 EXT 8073 | O29: ; sharid@fhcsd.org
A30: Corrales, G. | B30: 100151102 | C30: 22928116 | D30: Adriana C. | E30: 2xweek | F30: 2 | G30: Tues & Thurs | H30: 12:00pm-2:00 pm | I30: 45832 | J30: 46014 | L30: Gaunce, Christina <christinagau@fhcsd.org> | M30: Aaron | N30: 7011 | O30: aarongo@fhcsd.org
A31: Cory, L. | B31: 100798512 | C31: 25854959 | D31: Bibiana M. | E31: 3xweek | F31: 2 | G31: Mon, Thurs, Sat | H31: 1:30pm - 3:30pm | I31: 45968 | J31: 46173 | L31: Gaunce, Christina <christinagau@fhcsd.org> | M31: Aaron | N31: 7011 | O31: aarongo@fhcsd.org
A32: Cross, W. | B32: 100367273 | C32: 23924378 | D32: Khadijah M. | E32: 1xWeek | F32: 4 | G32: Thurs | H32: 9:00 am - 1:00 pm | I32: 45854 | J32: 46037 | L32: Gaunce, Christina <christinagau@fhcsd.org> | M32: Danielle T. | N32: 3763 | O32: daniellet@fhcsd.org
A33: Diaz, M. F. | B33: 100829155 | C33: 26703685 | D33: Susan R. | E33: 5xweek | F33: 2 | G33: Mon - Fri | H33: 9:00am - 11:00 am | I33: 46008 | J33: 46022 | K33: pending updated auth | L33: Gaunce, Christina <christinagau@fhcsd.org>
A34: Diaz, M. F. | B34: 100829155 | C34: 26703685 | D34: Khadijah M. | E34: 5xweek | F34: 2 | G34: Mon - Fri | H34: 9:00am - 11:00 am | I34: 45939 | J34: 46022 | K34: pending updated auth | L34: Gaunce, Christina <christinagau@fhcsd.org>
A35: Dulina, D. | B35: 100796423 | C35: 23535030 | D35: Felicia A. | E35: 2xweek | F35: 2 | G35: Tue,Thur | H35: 3:00pm - 5:00pm | I35: 45919 | J35: 46081 | L35: Gaunce, Christina <christinagau@fhcsd.org> | M35: Nehita | N35: 7012 | O35: nehitao@fhcsd.org
A36: Figueroa Garcia, R. | B36: 100694449 | C36: 23967101 | D36: Diana M. | E36: 3xweek | F36: 4 | G36: Tues, Thurs | H36: 8:00 am - 12:00 pm | I36: 45887 | J36: 46053 | L36: Gaunce, Christina <christinagau@fhcsd.org> | M36: Aaron | N36: 7011 | O36: aarongo@fhcsd.org
A37: Figueroa Garcia, R. | B37: 100694449 | C37: 23967101 | D37: Perla C. | E37: 1xweek | F37: 4 | G37: Sat | H37: 8:00 am - 12:00 pm | I37: 45887 | J37: 46053 | L37: Gaunce, Christina <christinagau@fhcsd.org> | M37: Aaron | N37: 7011 | O37: aarongo@fhcsd.org
A38: Flenoid, C. | B38: 100113365 | C38: 26916545 | D38: Susan R. | E38: 1xweek | F38: 2 | G38: Tuesday | H38: 7am - 9am | I38: 46027 | J38: 46203 | L38: Mercy | M38: 5940 | N38: mercyc@fhcsd.org
A39: Flenoid, C. | B39: 100113365 | C39: 26916545 | D39: Susan R. | E39: 6xweek | F39: 2 | G39: M, W,Th,F,Sat,Sun | H39: 8am - 10am | I39: 46027 | J39: 46203
A40: Flenoid, C. | B40: 100113365 | C40: 26916545 | D40: TBD | E40: 3xweek | F40: 2 | G40: W,Th | H40: 1pm-3pm | I40: 46027 | J40: 46203 | L40: Mercy | M40: 5940 | N40: mercyc@fhcsd.org
A41: Flores, E. | B41: 101314884 | C41: 26242512 | D41: Analhi C. | E41: 1xweek | F41: 2 | G41: Wed | H41: 10am - 12pm | I41: 45986 | J41: 46173
A42: Gallaher, N. | B42: 100895521 | C42: 25846981 | D42: Andres G. | E42: 3xWeek | F42: 2 | G42: Mon,Wed,Fri | H42: 11:00am - 1:00pm | I42: 45967 | J42: 46173 | L42: Gaunce, Christina <christinagau@fhcsd.org> | M42: Nehita | N42: 5140 | O42: nehitao@fhcsd.org
A43: Garcia Ramirez, R. | B43: 101130294 | C43: 21134917 | D43: Samantha R. | E43: 5xWeek | F43: 2 | G43: Mon-Fri | H43: 8:00 am - 12:00 pm | I43: 45741 | J43: 45802 | K43: SNF | L43: Gaunce, Christina <christinagau@fhcsd.org> | M43: Galia | N43: 3705 | O43: galias@fhcsd.org
A44: Garcia Ramirez, R. | B44: 101130294 | C44: 21134917 | D44: Samantha R. | E44: 5xWeek | F44: 2 | G44: Mon-Fri | H44: 6:00 pm - 8:00 pm | I44: 45741 | J44: 45802 | K44: SNF | L44: Gaunce, Christina <christinagau@fhcsd.org> | M44: Galia | N44: 3705 | O44: galias@fhcsd.org
A45: Garcia Ramirez, R. | B45: 101130294 | C45: 21134917 | D45: George C. | E45: 5xWeek | F45: 2 | G45: Sat | H45: 8am-10;12-2pm;6-8pm | I45: 45741 | J45: 45802 | K45: SNF | L45: Gaunce, Christina <christinagau@fhcsd.org> | M45: Galia | N45: 3706 | O45: galias@fhcsd.org
A46: Garcia Ramirez, R. | B46: 101130294 | C46: 21134917 | D46: Daniel C. | E46: 1xweek | F46: 2 | G46: Sun | H46: 8:00 am - 10:00 pm | I46: 45741 | J46: 45802 | K46: SNF | L46: Gaunce, Christina <christinagau@fhcsd.org> | M46: Galia | N46: 3705 | O46: galias@fhcsd.org
A47: Garcia Ramirez, R. | B47: 101130294 | C47: 21134917 | D47: Daniel C. | E47: 1xweek | F47: 2 | G47: Sun | H47: 12:00 pm - 2:00 pm | I47: 45741 | J47: 45802 | K47: SNF | L47: Gaunce, Christina <christinagau@fhcsd.org> | M47: Galia | N47: 3706 | O47: galias@fhcsd.org
A48: Garcia Ramirez, R. | B48: 101130294 | C48: 21134917 | D48: Daniel C. | E48: 1xweek | F48: 2 | G48: Sun | H48: 6:00 pm - 8:00 pm | I48: 45741 | J48: 45802 | K48: SNF | L48: Gaunce, Christina <christinagau@fhcsd.org> | M48: Galia | N48: 3707 | O48: galias@fhcsd.org
A49: Gashimov, K. | B49: 101357732 | C49: 24865208 | D49: Perla C. | E49: 2xweek | F49: 4 | G49: M,T, Th, Sat | H49: 11:00 am - 3:00 pm | I49: 45924 | J49: 46054 | L49: Gaunce, Christina <christinagau@fhcsd.org> | M49: Mercy | N49: 5940 | O49: mercyc@fhcsd.org
A50: Gashimov, K. | B50: 101357732 | C50: 24865208 | D50: Claudia F. | E50: 1xweek | F50: 4 | G50: Sun | H50: 11:00 am - 3:00 pm | I50: 45924 | J50: 46054 | L50: Gaunce, Christina <christinagau@fhcsd.org> | M50: Mercy | N50: 5940 | O50: mercyc@fhcsd.org
A51: George, P. | B51: 101342735 | C51: 25167096 | D51: Roya T. | E51: 2xweek | F51: 2 | G51: Sat & Sun | H51: 9:00am - 11:00 am | I51: 45929 | J51: 46112 | L51: Bartolomei, Keri <kerib@fhcsd.org> | M51: Shari | N51: (760) 826-7223 EXT 8073 | O51: ; sharid@fhcsd.org
A52: Glancy, L. | B52: 100037979 | C52: 26783838 | D52: Perla C. | E52: 2xweek | F52: 4 | G52: Wed, Fri | H52: 11:00 am - 3:00 pm | I52: 46013 | J52: 46053
A53: Goldstone, E. | B53: 101410148 | C53: 26372271 | D53: Roya | E53: 1xweek | F53: 2 | G53: Tue | H53: 6:30pm - 8:30pm | I53: 45995 | J53: 46140
A54: Green, R. | B54: 100971762 | C54: 23413860 | D54: Tamir L. | E54: 1xweek | F54: 2 | G54: Fri | H54: 3:00pm - 5:00pm | I54: 45855 | J54: 46038 | L54: Gaunce, Christina <christinagau@fhcsd.org> | M54: Aaron | N54: 7011 | O54: aarongo@fhcsd.org
A55: Guzman Palacios, N. | B55: 101109951 | C55: 26841855 | D55: Adriana C. | E55: 3xweek | F55: 2 | G55: T, Th, Sat | H55: 9:30am - 11:30am | I55: 46023 | J55: 46142 | M55: Maribel | N55: 7017 | O55: maribele@fhcsd.org
A56: Guzman, M. | B56: 100132204 | C56: 27102768 | D56: Claudia F. | E56: 3xweek | F56: 2 | G56: M,W,F | H56: 2pm-4pm | I56: 46029 | J56: 46143 | M56: Maribel | N56: 7017 | O56: maribele@fhcsd.org
A57: Hager, R. | I57: 45730 | J57: 3/18/2025, 05/29/2025 | K57: Escort Assistance only | L57: Gaunce, Christina <christinagau@fhcsd.org>
A58: Hannegan, C. | B58: 101325326 | C58: 25609768 | D58: Trina T. | E58: 1xweek | F58: 1 | G58: Tues | H58: 10am-12pm | I58: 45958 | J58: 46053 | K58: cancelled
A59: Henderson T. | B59: 101380059 | C59: 20532609 | D59: Roya T. | I59: 45708 | J59: 45746 | K59: Escort assistance only | L59: Bartolomei, Keri <kerib@fhcsd.org> | M59: Jocelyn | N59: (760) 826-7223 EXT 8072 | O59: jocelyng@fhcsd.org
A60: Henderson, P. | B60: 101380052 | C60: 20539093 | I60: 45708 | J60: 45777 | K60: Escort assistance only | L60: Bartolomei, Keri <kerib@fhcsd.org> | M60: Jocelyn | N60: (760) 826-7223 EXT 8072 | O60: jocelyng@fhcsd.org
A61: Heredia, L.. | B61: 100925580 | C61: 24462033 | D61: Bibiana M. | E61: 1xweek | F61: 2 | G61: TBD | I61: 45905 | J61: 45690 | L61: Gaunce, Christina <christinagau@fhcsd.org>
A62: Hieshetter, E. | B62: 101282546 | C62: 22517579 | D62: Aiden S. | E62: 2xweek | F62: 2 | G62: Sat & Sun | H62: 11:00 am - 1:00 pm | I62: 45810 | J62: 45993 | K62: cancelled | L62: Gaunce, Christina <christinagau@fhcsd.org> | M62: Aaron | N62: 7011 | O62: lorys@fhcsd.org
A63: Hieshetter, E. | B63: 101282546 | C63: 22517579 | D63: Aiden S. | E63: 1xWeek | F63: 2 | G63: Holidays only | H63: 8:00 am - 10:00 am | I63: 45810 | J63: 45993 | K63: cancelled | L63: Gaunce, Christina <christinagau@fhcsd.org> | M63: Aaron | N63: 7011 | O63: lorys@fhcsd.org
A64: Holmes, E. | B64: 101303098 | C64: 25068353 | D64: Rifqa A. | E64: 1xweek | F64: 2 | G64: Mon | H64: 8:00 am - 10:00 am | I64: 45936 | J64: 46053
A65: Huynh, J. | B65: 101327304 | C65: 24030192 | D65: Claudia F. | E65: 3xweek | F65: 2 | G65: Mon, Tue, Th | H65: 7:00 am-9:00 am | I65: 45992 | J65: 46203 | L65: Gaunce, Christina <christinagau@fhcsd.org> | M65: Danielle T. | N65: 3763 | O65: daniellet@fhcsd.org
A66: Huynh, J. | B66: 101327304 | C66: 24030192 | D66: Claudia F. | E66: 2xweek | F66: 3 | G66: Wed, Fri | H66: 7:00 am-10:00 am | I66: 45992 | J66: 46203 | L66: Gaunce, Christina <christinagau@fhcsd.org> | M66: Danielle T. | N66: 3763 | O66: daniellet@fhcsd.org
A67: Huynh, J. | B67: 101327304 | C67: 24030192 | D67: Felicia A. | E67: 2xweek | F67: 3 | G67: Sat and Sun | H67: 7:00 am-10:00 am | I67: 45992 | J67: 46203 | L67: Gaunce, Christina <christinagau@fhcsd.org> | M67: Danielle T. | N67: 3763 | O67: daniellet@fhcsd.org
A68: Huynh, J. | B68: 101327304 | C68: 24030192 | D68: Tamir L. | E68: 7xweek | F68: 2 | G68: Mon-Sun | H68: 7:00 pm-9:00 pm | I68: 45887 | J68: 45991 | L68: Gaunce, Christina <christinagau@fhcsd.org> | M68: Danielle T. | N68: 3763 | O68: daniellet@fhcsd.org
A69: Jevas, K. | B69: 101367437 | C69: 24532584 | D69: Laura A. | E69: 1xweek | F69: 2 | G69: TBC | H69: 1:00pm - 3:00pm | I69: 45909 | J69: 46112
A70: Jing, Z. | B70: 101315283 | C70: 25377175 | D70: Trina T. | E70: 5xweek | F70: 2 | G70: Mon-Fri | H70: 3:00 pm - 5:00 pm | I70: 45947 | J70: 46081 | K70: - | L70: Bartolomei, Keri <kerib@fhcsd.org> | M70: Shari | N70: (760) 826-7223 EXT 8073 | O70: ; sharid@fhcsd.org
A71: Joy, J. | B71: 101425459 | C71: 24827093 | D71: Trina T. | E71: 1xweek | F71: 2 | G71: Tues and Thurs | H71: 9:00am - 11:00am | I71: 45870 | J71: 46053 | L71: Bartolomei, Keri <kerib@fhcsd.org> | M71: Shari | N71: (760) 826-7223 EXT 8073 | O71: ; sharid@fhcsd.org
A72: Kapp, H. | B72: 101398029 | C72: 24582586 | D72: Analhi C. | E72: 2xweek | F72: 2 | G72: Mon, Wed | H72: 11:00 am - 1:00 pm | I72: 45911 | J72: 46081 | L72: Bartolomei, Keri <kerib@fhcsd.org>
A73: Kapp, M. | B73: 101398032 | C73: 24559631 | D73: Analhi C. | E73: 1xweek | F73: 2 | G73: Mon | H73: 1:00 pm - 3:00 pm | I73: 45910 | J73: 46081 | L73: Bartolomei, Keri <kerib@fhcsd.org>
A74: Kirkland, J. | B74: 100330360 | C74: 25166869 | D74: Diana M. | E74: 4xweek | F74: 2 | G74: M,T, W, Th | H74: 7:30 am - 9:30am | I74: 45938 | J74: 46112 | L74: Gaunce, Christina <christinagau@fhcsd.org> | M74: Galia | N74: 3705 | O74: galias@fhcsd.org
A75: Kirkland, J. | B75: 100330360 | C75: 25166869 | D75: Bethzaida K. | E75: 3xweek | F75: 2 | G75: F, Sat , sun | H75: 7:30 am - 9:30am | I75: 45938 | J75: 46112 | L75: Gaunce, Christina <christinagau@fhcsd.org> | M75: Galia | N75: 3705 | O75: galias@fhcsd.org
A76: Kirkland, J. | B76: 100330360 | C76: 25166869 | D76: Bethzaida K. | E76: 3xweek | F76: 2 | G76: MTW | H76: 6:00 pm - 8:00pm | I76: 45938 | J76: 46112 | L76: Gaunce, Christina <christinagau@fhcsd.org> | M76: Galia | N76: 3705 | O76: galias@fhcsd.org
A77: Kudlemyer, C. | B77: 101400312 | C77: 26259216 | D77: Samantha R. | E77: 2xweek | F77: 3 | G77: Tue, Friday | H77: 10:00 am -1:00 pm | I77: 45990 | J77: 46053 | L77: Gaunce, Christina <christinagau@fhcsd.org> | M77: Nehita | N77: 5140 | O77: nehitaoa@fhcsd.org
A78: Lares, D. | B78: 101306186 | C78: 27067862 | D78: TBD | E78: 2xweek | F78: 2 | G78: TBD | H78: TBD | I78: 46028 | J78: 46173
A79: Lindborg, J. | B79: 101363949 | C79: 27032960 | D79: Trina T. | E79: 1xweek | F79: 2 | G79: Friday | H79: 10:00 am -12:00 pm | I79: 46027 | J79: 46203
A80: Linner, M. | B80: 100118436 | C80: 25566856 | D80: Claudia F. | E80: 2xweek | F80: 2 | G80: Tue & Thur | H80: 3:00 pm - 5:00 pm | I80: 46023 | J80: 46142 | L80: Gaunce, Christina <christinagau@fhcsd.org> | M80: Galia | N80: 3706 | O80: galias@fhcsd.org
A81: Lopez Carreno, S. | B81: 101306713 | C81: 26930141 | D81: Roya T. | E81: 1xweek | F81: 2 | G81: Sat | H81: 11am - 1pm | I81: 45658 | J81: 46173 | K81: - | L81: Bartolomei, Keri <kerib@fhcsd.org> | M81: Jocelyn | N81: (760) 826-7223 EXT 8072 | O81: jocelyng@fhcsd.org
A82: Loya, J. | B82: 100969485 | C82: 26895706 | D82: Samantha R. | E82: 3xweek | F82: 2 | G82: Tues, Th, & Fri | H82: 1:00pm - 3:00pm | I82: 46023 | J82: 46203 | L82: Gaunce, Christina <christinagau@fhcsd.org> | M82: Nehita | N82: 5140 | O82: nehitaoa@fhcsd.org
A83: Martinez, S. | B83: 101195355 | C83: 26822753 | D83: Irma B. | E83: 2xWeek | F83: 2 | G83: Tues & Thurs | H83: 4:00 pm- 6:00 pm | I83: 46014 | J83: 46203 | L83: Gaunce, Christina <christinagau@fhcsd.org> | M83: Danielle T. | N83: 3763 | O83: daniellet@fhcsd.org
A84: McAllister, S. | B84: 101342831 | C84: 27055815 | D84: Trina T. | E84: 2xweek | F84: 1 | G84: Tue, Thurs | H84: 11am - 1pm | I84: 46027 | J84: 46112
A85: Mcdonald, G. | B85: 100615980 | C85: 25017629 | D85: Keah G. | E85: 2xweek | F85: 2 | G85: Tues & Thurs | H85: 4:00 pm - 6:00 pm | I85: 45931 | J85: 46053 | L85: Gaunce, Christina <christinagau@fhcsd.org>
A86: McGinn, M. | B86: 100390804 | C86: 25895587 | D86: Roya T. | E86: 2xweek | F86: 2 | G86: Tue, Thurs,Fri,Sat,Sun | H86: 11:00 am - 1:00 pm | I86: 45972 | J86: 46022 | K86: hospitalized | L86: Gaunce, Christina <christinagau@fhcsd.org> | M86: Galia | N86: 3705 | O86: galias@fhcsd.org
A87: Mclaughlin, J. | B87: 100111521 | C87: 24411307 | D87: Khadijah M. | E87: 1xweek | F87: 4 | G87: Tue | H87: 10:00 am - 12:00 pm | I87: 46023 | J87: 46203 | L87: Gaunce, Christina <christinagau@fhcsd.org> | M87: Galia | N87: 3705 | O87: galias@fhcsd.org
A88: Mendez, M. | B88: 100061176 | D88: Susan R. | E88: 1xweek | F88: 2 | G88: Thurs | H88: 10am-12pm | I88: 45888 | J88: 46053 | L88: Gaunce, Christina <christinagau@fhcsd.org> | M88: Danielle T. | N88: 3763 | O88: daniellet@fhcsd.org
A89: Meyo, A. | B89: 100940666 | C89: 25017723 | D89: Bethzaida K. | E89: 2xweek | F89: 2 | G89: M & Th | H89: 2:00pm - 4:00pm | I89: 45931 | J89: 46081 | L89: Gaunce, Christina <christinagau@fhcsd.org>
A90: Miller, D. | B90: 101379586 | C90: 25846676 | D90: Tamir L. | E90: 4xWeek | F90: 2 | G90: Tue - thurs | H90: 12:00 pm-2:00 pm | I90: 45967 | J90: 46053 | L90: Gaunce, Christina <christinagau@fhcsd.org> | M90: Lory | N90: 1707 | O90: Servil, Lory <lorys@fhcsd.org>
A91: Minor, D. | B91: 101144594 | C91: 25442608 | D91: Khadijah M. | E91: 2xweek | F91: 2 | G91: Wed, Fri | H91: 2:00pm - 4:00pm | I91: 46023 | J91: 46142 | M91: Aaron | N91: 7011 | O91: aarongo@fhcsd.org
A92: Neri, M. | B92: 101389035 | C92: 26310683 | D92: Martha Z. | E92: 7xweek | F92: 2 | G92: M-Sun | H92: 4:00 pm - 6:00 pm | I92: 45992 | J92: 46053
A93: Newport, L. | B93: 101338889 | C93: 26691544 | D93: Analhi C. | E93: 1xweek | F93: 2 | I93: 46008 | J93: 46013 | K93: 1x visit only | L93: Bartolomei, Keri <kerib@fhcsd.org>
A94: Powers, M. | B94: 100032288 | C94: 21418970 | D94: Mordecai Y. | E94: 5xweek | F94: 2 | G94: Mon-Fri | H94: 8:00 am - 10:00 am | I94: 45754 | J94: 45811 | K94: Hospitalized 4/09/25 -SNF upon DC | L94: Gaunce, Christina <christinagau@fhcsd.org>
A95: Raney, R. | B95: 10110295 | C95: 25017707 | D95: Mary Ann H. | E95: 1xweek | F95: 2 | G95: Friday | I95: 45931 | J95: 46112 | K95: cancelled
A96: Sanchez Y Lara, M. | B96: 101208831 | C96: 26795390 | D96: Andres G. | E96: 5xweek | F96: 2 | G96: Mon-Fri | H96: 8:00pm-10:00pm | I96: 46013 | J96: 46234 | K96: 20hrs per week | L96: Gaunce, Christina <christinagau@fhcsd.org> | M96: Maribel | N96: 7017 | O96: maribele@fhcsd.org
A97: Sanchez Y Lara, M. | B97: 101208831 | C97: 26795390 | D97: Andres G. | E97: 5xweek | F97: 2 | G97: Mon-Fri | H97: 12:00 pm - 2:00 pm | I97: 46013 | J97: 46234 | L97: Gaunce, Christina <christinagau@fhcsd.org> | M97: Maribel | N97: 7017 | O97: maribele@fhcsd.org
A98: Sandoval, L. | B98: 100239887 | C98: 26254167 | D98: Adriana C. | E98: 5xWeek | F98: 2 | G98: Mon-Fri | H98: 9:00 am - 11:00 am | I98: 11/28/205 | J98: 46081 | K98: AM visits | L98: Gaunce, Christina <christinagau@fhcsd.org> | M98: Maribel | N98: 7017 | O98: maribele@fhcsd.org
A99: Sandoval, L. | B99: 100239887 | C99: 26254167 | D99: Martha Z. | E99: 5xWeek | F99: 2 | G99: Mon-Fri | H99: 2:00pm-4:00pm | I99: 11/28/205 | J99: 46081 | K99: PM visits | L99: Gaunce, Christina <christinagau@fhcsd.org> | M99: Maribel | N99: 7017 | O99: maribele@fhcsd.org
A100: Santana Lopez, M. | B100: 100067139 | C100: 24029635 | D100: Martha Z. | E100: 3xweek | F100: 2 | G100: T,W,F | H100: 8am-10am | I100: 45887 | J100: 46053 | L100: Gaunce, Christina <christinagau@fhcsd.org> | M100: Maribel | N100: 7017 | O100: maribele@fhcsd.org
A101: Santana Lopez, M. | B101: 100067139 | C101: 24029635 | D101: Adriana C. | E101: 3xweek | F101: 2 | G101: T,W,F | H101: 12:00pm - 2:00pm | I101: 45887 | J101: 46053 | L101: Gaunce, Christina <christinagau@fhcsd.org> | M101: Maribel | N101: 7017 | O101: maribele@fhcsd.org
...

Sheet SKILLED
A1: HOME HEALTH/SKILLED Participant's First and Last Name | B1: Participant's ID | C1: Participant's Authorization Number | D1: BrightStar Employee | E1: Frequency | F1: No. of hours per visit | G1: Day(s) Scheduled | H1: Scheduled Service Time | I1: Date Approved | J1: Date Authorization Expires | K1: REMARKS | L1: Case Managers | M1: Contact No. (619) 515-2445) extension | N1: Email
A2: Adame, R. | B2: 100528529 | C2: 26403468 | D2: Margo P. | E2: 1xweek | F2: 2 | G2: Wed | H2: 10:00 am - 12:00 pm | I2: 45995 | J2: 46177 | L2: Maribel | M2: 7017 | N2: maribele@fhcsd.org
A3: Adame-Hurtado, E. | B3: 100528529 | C3: 24532154 | D3: Margo P. | E3: 7xweek | F3: 2 | G3: Mon-Sun | H3: 10:00 am - 12:00 am | I3: 45909 | J3: 46000 | K3: hospitalized / SNF | L3: Maribel | M3: 7017 | N3: maribele@fhcsd.org
A4: Alcaraz, A. | B4: 101308633 | C4: 27125033 | D4: Anders | E4: 2xweek | F4: 2 | G4: Tue-Thurs | H4: 9:00 am - 11:00 am | I4: 46031 | J4: 46062 | K4: - | L4: Jocelyn | M4: (760) 826-7223 EXT 8072 | N4: jocelyng@fhcsd.org
A5: Appell, L. | B5: 101157222 | C5: 25992939 | D5: Rochelle G. | E5: 1xweek | F5: 2 | G5: Mon | H5: 10:00 am - 12:00 pm | I5: 46005 | J5: 46095 | L5: Danielle T. | M5: 3763 | N5: daniellet@fhcsd.org
A6: Araujo, D. | B6: 100024820 | C6: 25983481 | D6: Malcolm L. | E6: 2xweek | F6: 2 | G6: Mon & Fri | H6: 8am-10am | I6: 45974 | J6: 46060 | K6: cancelled | L6: Maribel | M6: 7017 | N6: maribele@fhcsd.org
A7: Baker, R. | B7: 101164531 | C7: 22215887 | D7: Rochelle G. | E7: 4xweek | F7: 2 | G7: Tue, Wed, Thurs, Fri | H7: 9:30am - 11:30am | I7: 45793 | J7: 45918 | K7: hospitalized / SNF
A8: Barajas Barragan, A. | B8: 100130870 | C8: 26730686 | D8: Malcolm L. | E8: 1xweek | F8: 2 | G8: Wed | H8: 3p-5p | I8: 46009 | J8: 46189 | L8: Maribel | M8: 7017 | N8: maribele@fhcsd.org
A9: Bernanke, F. | B9: 101412699 | C9: 26712758 | D9: Gabriela M. | E9: 3xweek | F9: 2 | G9: M, T, Th | H9: 1pm-3pm | I9: 46009 | J9: 46127 | L9: Lory | M9: 1707 | N9: Servil, Lory <lorys@fhcsd.org>
A10: Bernanke, F. | B10: 101412699 | C10: 26712758 | D10: Colleen R. | E10: 1xweek | F10: 2 | G10: Fri | H10: 1pm-3pm | I10: 46009 | J10: 46127 | L10: Lory | M10: 1707 | N10: Servil, Lory <lorys@fhcsd.org>
A11: Bernanke, F. | B11: 101412699 | C11: 26712758 | D11: Eric E. | E11: 1xweek | F11: 2 | G11: Sat | H11: 1pm-3pm | I11: 46009 | J11: 46127 | L11: Lory | M11: 1707 | N11: Servil, Lory <lorys@fhcsd.org>
A12: Binder, J. | B12: 100754702 | C12: 25213847 | D12: Malcolm L. | E12: 2xweek | F12: 2 | G12: Tue, Thur | H12: 11:30am - 1:00pm | I12: 45940 | J12: 46112 | K12: hospitalized/SNF | L12: Lory | M12: 1707 | N12: Servil, Lory <lorys@fhcsd.org>
A13: Binder, J. | B13: 100754702 | C13: 25213847 | D13: Rochelle G. | E13: 5xweek | F13: 2 | G13: M,W,F,Sat and Sun | H13: 11:30am - 1:00pm | I13: 45940 | J13: 46112 | K13: hospitalized/SNF | L13: Lory | M13: 1707 | N13: Servil, Lory <lorys@fhcsd.org>
A14: Brae, A. | B14: 101306395 | C14: 25758128 | D14: Malcolm L. | E14: 3xweek | F14: 2 | G14: Wed, Fri, Sat, | H14: 9:30a-11:30a | I14: 45966 | J14: 46147 | L14: Lory | M14: 1707 | N14: Servil, Lory <lorys@fhcsd.org>
A15: Brae, A. | B15: 101306395 | C15: 25758128 | D15: Felsie C. | E15: 1xweek | F15: 2 | G15: Sun | H15: 9:30a-11:30a | I15: 45966 | J15: 46147 | L15: Lory | M15: 1707 | N15: Servil, Lory <lorys@fhcsd.org>
A16: Calderon, E. | B16: 100038800 | C16: 26473904 | D16: Mary B. | E16: 5xweek | F16: 2 | G16: Mon-Fri | H16: 7am-9am | I16: 45996 | J16: 46185 | L16: Mercy | M16: 5940 | N16: mercyc@fhcsd.org
A17: Calderon, E. | B17: 100038800 | C17: 26473904 | D17: Amanda M. | E17: 2xweek | F17: 2 | G17: Sat & Sun | H17: 7am-9am | I17: 45996 | J17: 46185 | L17: Mercy | M17: 5940 | N17: mercyc@fhcsd.org
A18: Calderon, G. | B18: 100512664 | C18: 23232183 | D18: Malcolm L. | E18: 1xweek | F18: 2 | G18: Tue | H18: 5pm-7pm | I18: 45847 | J18: 46030 | K18: 5pm preferred | L18: Aaron | M18: 7011 | N18: aarongo@fhcsd.org
A19: Camarda, T. | B19: 101323503 | C19: 26242044 | E19: 1xweek | F19: 2 | G19: TBC | H19: TBC | I19: 45986 | J19: 46022 | L19: Maribel | M19: 7017 | N19: maribele@fhcsd.org
A20: Campbell, C. | B20: 101375560 | C20: 26816416 | D20: Ejigayehu W. | E20: 2xweek | F20: 2 | G20: Tue & Fri | H20: 1pm-3pm | I20: 46017 | J20: 46157 | L20: Aaron | M20: 7011 | N20: aarongo@fhcsd.org
A21: Chaaban, R. | B21: 101289778 | C21: 25569214 | D21: Joshua H. | E21: 1xweek | F21: 2 | G21: Thurs | H21: 6pm-8pm | I21: 46023 | J21: 46073 | L21: Shari | M21: (760) 826-7223 EXT 8073 | N21: ; sharid@fhcsd.org
A22: Contreras, B. | B22: 100754584 | C22: 27177689 | D22: Cynthia R. | E22: 1xweek | F22: 2 | G22: Tues | H22: 10am - 12pm | I22: 46031 | J22: 46128
A23: Corrales, G. | B23: 100151102 | C23: 23231830 | D23: Lensa J. | E23: 1xweek | F23: 2 | G23: Wed | H23: 6pm-8pm | I23: 45847 | J23: 46030 | L23: Aaron | M23: 7011 | N23: aarongo@fhcsd.org
A24: Cory, L. | B24: 100798512 | C24: 26986703 | D24: Jijee W. | E24: 2xweek | F24: 2 | G24: Mon & Wed | H24: 1pm-3pm | I24: 46024 | J24: 46143 | L24: Aaron | M24: 7011 | N24: aarongo@fhcsd.org
A25: Cory, L. | B25: 100798512 | C25: 26986703 | D25: Monique R. | E25: 1xweek | F25: 2 | G25: Friday | H25: 1pm-3pm | I25: 46024 | J25: 46143 | L25: Aaron | M25: 7011 | N25: aarongo@fhcsd.org
A26: Cross, W. | B26: 100367273 | C26: 23266481 | D26: Eric E. | E26: 1xWeek | F26: 2 | G26: Tue | H26: 11a-1p | I26: 45854 | J26: 46037 | L26: Danielle T. | M26: 3763 | N26: daniellet@fhcsd.org
A27: De Leon, M. | B27: 100096800 | C27: 27095850 | D27: Akilah H. | E27: 5xweek | F27: 2 | G27: Mon-Fri | H27: 9am-11am | I27: 46029 | J27: 46119 | L27: Mercy | M27: 5940 | N27: mercyc@fhcsd.org
A28: Del Rio, R. | B28: 101236755 | C28: 21485764 | D28: Fatemeh V. | E28: 4xweek | F28: 2 | G28: Mon, Tue, Thu, Fri | H28: 9am-11am | I28: 45758 | J28: 45848 | K28: on hold as of 6/9 | L28: Mercy | M28: 5940 | N28: mercyc@fhcsd.org
A29: Del Rio, R. | B29: 101236755 | C29: 21485764 | D29: Amanda M. | E29: 2xweek | F29: 2 | G29: Sat & Sun | H29: 9am-11am | I29: 45758 | J29: 45848 | K29: on hold as of 6/9 | L29: Mercy | M29: 5940 | N29: mercyc@fhcsd.org
A30: Del Rio, R. | B30: 101236755 | C30: 21485764 | D30: Priscilla C. | E30: 2xweek | F30: 2 | G30: Wed | H30: 9am-11am | I30: 45758 | J30: 45848 | K30: on hold as of 6/9 | L30: Mercy | M30: 5940 | N30: mercyc@fhcsd.org
A31: Del Rio, R. | B31: 101236755 | C31: 21485764 | D31: Ejigayehu W. | E31: 5xweek | F31: 2 | G31: Mon - Fri | H31: 3pm-5pm | I31: 45758 | J31: 45848 | K31: on hold as of 6/9 | L31: Mercy | M31: 5940 | N31: mercyc@fhcsd.org
A32: Del Rio, R. | B32: 101236755 | C32: 21485764 | D32: Nadhii B. | E32: 2xweek | F32: 2 | G32: Sat & Sun | H32: 3pm-5pm | I32: 45758 | J32: 45848 | K32: on hold as of 6/9 | L32: Mercy | M32: 5940 | N32: mercyc@fhcsd.org
A33: Diaz, M. F. | B33: 100829155 | C33: 26898928 | D33: Malcolm L. | E33: 1xweek | F33: 2 | H33: 12pm-2pm | I33: 46020 | J33: 46201
A34: Doan, M. | B34: 101051619 | C34: 26016803 | D34: Noel L. | E34: 2xweek | F34: 2 | G34: Tue, Thur | H34: 9am-11am | I34: 45975 | J34: 46156 | L34: Aaron | M34: 7011 | N34: aarongo@fhcsd.org
A35: Dulina, D. | B35: 100796423 | C35: 27177428 | D35: Gabriela M. | E35: 2xweek | F35: 2 | G35: Tues & Sat | H35: 4pm-6pm | I35: 46031 | J35: 07/11/226 | K35: Sat, Sun, holidays | L35: Lory | M35: 1707 | N35: Servil, Lory <lorys@fhcsd.org>
A36: Figueroa Garcia, R. | B36: 100894449 | C36: 26563639 | D36: Renee R. | E36: 5xWeek | F36: 2 | G36: Mon-Fri | H36: 12pm-2pm | I36: 46002 | J36: 46184 | L36: Maribel | M36: 7017 | N36: maribele@fhcsd.org
A37: Figueroa Garcia, R. | B37: 100894449 | C37: 26563639 | D37: Kathleen B. | E37: 1xWeek | F37: 2 | G37: Sat & Sun | H37: 12pm-2pm | I37: 46002 | J37: 46184 | L37: Maribel | M37: 7017 | N37: maribele@fhcsd.org
A38: Flenoid, C. | B38: 10011365 | C38: 23684203 | D38: Kathleen B. | E38: 5xweek | F38: 2 | G38: MWTFS | H38: 1pm-3pm | I38: 45867 | J38: 46050 | L38: Mercy | M38: 5940 | N38: mercyc@fhcsd.org
A39: Franco, M. | B39: 100135432 | C39: 26793630 | D39: Cynthia R. | E39: 3xweek | F39: 2 | G39: M, W,F | H39: 11a-1p | I39: 46006 | J39: 46192 | L39: Aaron | M39: 7011 | N39: aarongo@fhcsd.org
A40: Fudge, R. | B40: 101096605 | C40: 26380416 | D40: Nicole S. | E40: 5xweek | F40: 2 | G40: Mon-Fri | H40: 11a-1p | I40: 45994 | J40: 46083
A41: Fudge, R. | B41: 101096605 | C41: 26380416 | D41: Fatemeh V. | E41: 2xweek | F41: 2 | G41: Sat & Sun | H41: 11a-1p | I41: 45994 | J41: 46083
A42: Fuentes, A. | B42: 101322217 | C42: 24724308 | D42: Tasha C. | E42: 5xweek | F42: 2 | G42: Mon-Fri | H42: 7pm-9pm | I42: 45918 | J42: 46081 | L42: Jocelyn | M42: (760) 826-7223 EXT 8072 | N42: jocelyng@fhcsd.org
A43: Fuentes, A. | B43: 101322217 | C43: 24724308 | D43: Tasha C. | E43: 7xweek | F43: 2 | G43: Mon-Sun | H43: 4pm-6pm | I43: 45918 | J43: 46081 | L43: Jocelyn | M43: (760) 826-7223 EXT 8072 | N43: jocelyng@fhcsd.org
A44: Fuentes, A. | B44: 101322217 | C44: 24724308 | D44: Stacy M. | E44: 2xweek | F44: 2 | G44: Sat & Sun | H44: 7am-9am | I44: 45918 | J44: 46081 | L44: Jocelyn | M44: (760) 826-7223 EXT 8072 | N44: jocelyng@fhcsd.org
A45: Gallegos, M. | B45: 100490483 | C45: 26063689 | D45: Joshua H. | E45: 3xweek | F45: 2 | G45: MWF | H45: 4pm-6pm | I45: 45978 | J45: 46081 | L45: Jocelyn | M45: (760) 826-7223 EXT 8072 | N45: jocelyng@fhcsd.org
A46: Garcia Chavez, L. | B46: 101311468 | C46: 24787557 | D46: Tasha C. | E46: 7xweek | F46: 2 | G46: Mon-Sun | H46: 6pm-8pm | I46: 45931 | J46: 46081 | L46: Jocelyn | M46: (760) 826-7223 EXT 8072 | N46: jocelyng@fhcsd.org
A47: Garcia Chavez, L. | B47: 101311468 | C47: 24787557 | D47: Tasha C. | E47: 2xweek | F47: 2 | G47: Wed &Thu | H47: 11a-1p | I47: 45931 | J47: 46081 | L47: Jocelyn | M47: (760) 826-7223 EXT 8072 | N47: jocelyng@fhcsd.org
A48: Garcia Chavez, L. | B48: 101311468 | C48: 24787557 | D48: Stacy M. | E48: 2xweek | F48: 2 | G48: Sat & Sun | H48: 11a-1p | I48: 45931 | J48: 46081 | L48: Jocelyn | M48: (760) 826-7223 EXT 8072 | N48: jocelyng@fhcsd.org
A49: Garcia Ramirez, R. | B49: 101130294 | C49: 21215629 | D49: Danilo N. | E49: 7xWeek | F49: 2 | G49: Mon-Sun | H49: 8am-10am | I49: 45744 | J49: 45808 | K49: SNF | L49: Galia | M49: 3705 | N49: galias@fhcsd.org
A50: Garcia Ramirez, R. | B50: 101130294 | C50: 21215629 | D50: Danilo N. | E50: 7xWeek | F50: 2 | G50: Mon-Sun | H50: 8pm-10pm | I50: 45744 | J50: 45808 | K50: SNF | L50: Galia | M50: 3705 | N50: galias@fhcsd.org
A51: Garcia Ramirez, R. | B51: 101130294 | C51: 21215629 | D51: Danilo N. | E51: 3xWeek | F51: 2 | G51: Sat & Sun | H51: 12pm-2pm | I51: 45744 | J51: 45808 | K51: SNF | L51: Galia | M51: 3705 | N51: galias@fhcsd.org
A52: Garcia Torres, R. | B52: 100297595 | C52: 25349283 | D52: Renee R. | E52: 1xweek | F52: 2 | G52: Thurs | H52: 10am-12pm | I52: 45946 | J52: 46127 | L52: Danielle T. | M52: 3763 | N52: daniellet@fhcsd.org
A53: Garcia, J. | B53: 100046967 | C53: 26244625 | D53: Kathleen B. | E53: 7xweek | F53: 2 | G53: Mon-Sun | H53: 8am-10am | I53: 45986 | J53: 46169 | L53: Maribel | M53: 7017 | N53: maribele@fhcsd.org
A54: Gardner, N. | B54: 100912156 | C54: 23576133 | D54: Eric E. | E54: 7xweek | F54: 2 | G54: Mon-Sun | H54: 10a-12p | I54: 45867 | J54: 46050 | L54: Aaron | M54: 7011 | N54: aarongo@fhcsd.org
A55: Gardner, N. | B55: 100912156 | C55: 23576133 | D55: Michelle S. | E55: 7xweek | F55: 2 | G55: Mon-Sun | H55: 2p-4p | I55: 45867 | J55: 46050 | L55: Aaron | M55: 7011 | N55: aarongo@fhcsd.org
A56: Gashimov, K. | B56: 101357732 | C56: 24891850 | D56: Felsie C. | E56: 5xweek | F56: 2 | G56: Mon-Fri | H56: 9:00am - 11:00 am | I56: 45925 | J56: 46112 | L56: Mercy | M56: 5940 | N56: mercyc@fhcsd.org
A57: Gashimov, K. | B57: 101357732 | C57: 24891850 | D57: Keani H. | E57: 2xweek | F57: 2 | G57: Sat & Sun | H57: 9:00am - 11:00 am | I57: 45925 | J57: 46112 | L57: Mercy | M57: 5940 | N57: mercyc@fhcsd.org
A58: Gonzalez Martinez, E. | B58: 101319799 | C58: 25922441 | D58: Nadhii B. | E58: 5xWeek | F58: 2 | G58: M to F | H58: 10am-12pm | I58: 45972 | J58: 46153 | K58: requested Danielle to get 11/10 authorized | L58: Danielle T. | M58: 3763 | N58: daniellet@fhcsd.org
A59: Gonzalez Martinez, E. | B59: 101319799 | C59: 25922441 | D59: Ejigayehu W. | E59: 2xWeek | F59: 2 | G59: SatSun | H59: 10am-12pm | I59: 45972 | J59: 46153 | K59: requested Danielle to get 11/10 authorized | L59: Danielle T. | M59: 3763 | N59: daniellet@fhcsd.org
A60: Gonzalez, L. | B60: 100398295 | C60: 25574884 | D60: Akilah H. | E60: 2xweek | F60: 2 | G60: Mon & Fri | H60: 12p-2p | I60: 45957 | J60: 46023 | L60: Galia | M60: 3705 | N60: galias@fhcsd.org
A61: Guzman Palacios, N. | B61: 101109951 | C61: 25603930 | D61: Margo P. | E61: 7xweek | F61: 2 | G61: Mon-Fri | H61: 9am-11am | I61: 45954 | J61: 46136 | L61: Maribel | M61: 7017 | N61: maribele@fhcsd.org
A62: Guzman, M. | B62: 100132204 | C62: 25356798 | D62: Margo P. | E62: 7xweek | F62: 2 | G62: Mon-Sun | H62: 7am-9am | I62: 45946 | J62: 46097 | L62: Maribel | M62: 7017 | N62: maribele@fhcsd.org
A63: Hernandez, P. | B63: 100006219 | C63: 22073693 | D63: Nicole S. | E63: 1xweek | F63: 2 | G63: Mon | H63: 8am-10am | I63: 45971 | J63: 46142 | K63: 2xd AM and PM on Tuesdays/Thursdays/Saturdays (dialysis days) | L63: Aaron | M63: 7011 | N63: aarongo@fhcsd.org
A64: Hernandez, P. | B64: 100006219 | C64: 22073693 | D64: Renee R. | E64: 4xweek | F64: 2 | G64: Tue-Fri | H64: 8am-10am | I64: 45971 | J64: 46142 | K64: 2xd AM and PM on Tuesdays/Thursdays/Saturdays (dialysis days) | L64: Aaron | M64: 7011 | N64: aarongo@fhcsd.org
A65: Hernandez, P. | B65: 100006219 | C65: 22073693 | D65: Monique R. | E65: 2xweek | F65: 2 | G65: Sat & Sun | H65: 8am-10am | I65: 45971 | J65: 46142 | K65: 3xd (AM, NOON, PM) on Mondays/Wednesdays/Fridays/Sundays | L65: Aaron | M65: 7011 | N65: aarongo@fhcsd.org
A66: Hernandez, P. | B66: 100006219 | C66: 22073693 | D66: Monique R. | E66: 5xweek | F66: 2 | G66: Mon-Fri | H66: 8pm-10pm | I66: 45971 | J66: 46142 | K66: 3xd (AM, NOON, PM) on Mondays/Wednesdays/Fridays/Sundays | L66: Aaron | M66: 7011 | N66: aarongo@fhcsd.org
A67: Hernandez, P. | B67: 100006219 | C67: 22073693 | D67: Colleen R. | E67: 2xweek | F67: 2 | G67: Sat & Sun | H67: 8pm-10pm | I67: 45971 | J67: 46142 | K67: 3xd (AM, NOON, PM) on Mondays/Wednesdays/Fridays/Sundays | L67: Aaron | M67: 7011 | N67: aarongo@fhcsd.org
A68: Hernandez, P. | B68: 100006219 | C68: 22073693 | D68: Colleen R. | E68: 1xweek | F68: 2 | G68: Sun | H68: 8pm-10pm | I68: 45971 | J68: 46142 | K68: 3xd (AM, NOON, PM) on Mondays/Wednesdays/Fridays/Sundays | L68: Aaron | M68: 7011 | N68: aarongo@fhcsd.org
A69: Hernandez, P. | B69: 100006219 | C69: 22073693 | D69: Akilah H. | E69: 3xweek | F69: 2 | G69: MWF | H69: 11am-1pm | I69: 45971 | J69: 46142 | K69: 3xd (AM, NOON, PM) on Mondays/Wednesdays/Fridays/Sundays | L69: Aaron | M69: 7011 | N69: aarongo@fhcsd.org
A70: Herrera, G. | B70: 100188774 | C70: 23576109 | D70: Renee R. | E70: 1xweek | F70: 2 | G70: Th | H70: 11am-1pm | I70: 45867 | J70: 46050 | L70: Aaron | M70: 7011 | N70: aarongo@fhcsd.org
A71: Hieshetter, E. | B71: 101282546 | C71: 22332132 | D71: Ejigayehu W. | E71: 2xweek | F71: 2 | G71: Tue & Fri | H71: 10am-12pm | I71: 46013 | J71: 46191 | L71: Aaron | M71: 7011 | N71: aarongo@fhcsd.org
A72: Huynh, J. | B72: 101327304 | C72: 25993284 | D72: Akilah H. | E72: 3xweek | F72: 2 | G72: MWF | H72: 10am-12pm | I72: 45974 | J72: 46080 | L72: Danielle T. | M72: 3763 | N72: daniellet@fhcsd.org
A73: Huynh, J. | B73: 101327304 | C73: 25993284 | D73: Nicole S. | E73: 1xweek | F73: 2 | G73: Thurs | H73: 7am-9am | I73: 45974 | J73: 46080 | L73: Danielle T. | M73: 3763 | N73: daniellet@fhcsd.org
A74: Huynh, J. | B74: 101327304 | C74: 25993284 | D74: Colleen R. | E74: 1xweek | F74: 2 | G74: Sat | H74: 10am-12pm | I74: 45974 | J74: 46080 | L74: Danielle T. | M74: 3763 | N74: daniellet@fhcsd.org
A75: Javier, H. | B75: 100167041 | C75: 26900201 | E75: 1xweek | F75: 2 | I75: 46020 | J75: 46202
A76: Jimenez, G. | B76: 100084289 | C76: 24559824 | D76: Fatemeh V. | E76: 1xweek | F76: 2 | G76: Fri | H76: 10am-12pm | I76: 45910 | J76: 46091 | L76: Maribel | M76: 7017 | N76: maribele@fhcsd.org
A77: Jimenez, G. | B77: 100084289 | C77: 24559824 | D77: Renee R. | E77: 3xweek | F77: 2 | G77: Tues-Thur | H77: 10am-12pm | I77: 45910 | J77: 46091 | L77: Maribel | M77: 7017 | N77: maribele@fhcsd.org
A78: Jimenez, G. | B78: 100084289 | C78: 24559824 | D78: Margo P. | E78: 1xweek | F78: 2 | G78: Mon | H78: 10am-12pm | I78: 45910 | J78: 46091 | L78: Maribel | M78: 7017 | N78: maribele@fhcsd.org
A79: Jones, S. | B79: 100129243 | C79: 26567168 | D79: Nadhii B. | E79: 3xweek | F79: 2 | G79: MWF | H79: 5pm-7pm | I79: 46000 | J79: 46063 | L79: Galia | M79: 3705 | N79: galias@fhcsd.org
A80: Kirkland, J. | B80: 100330660 | C80: 23364121 | D80: Nicole S. | E80: 5xweek | F80: 2 | G80: Mon-Fri | H80: 6am-6pm | I80: 45853 | J80: 46036 | L80: Lory | M80: 1707 | N80: Servil, Lory <lorys@fhcsd.org>
A81: Kirkland, J. | B81: 100330660 | C81: 23364121 | D81: Colleen R. | E81: 2xweek | F81: 2 | G81: Sat & Sun | H81: 6am-6pm | I81: 45853 | J81: 46036 | L81: Lory | M81: 1707 | N81: Servil, Lory <lorys@fhcsd.org>
A82: Kirkland, J. | B82: 100330660 | C82: 23364121 | D82: Monique R. | E82: 7xweek | F82: 2 | G82: Mon-Sun | H82: 6pm-8pm | I82: 45853 | J82: 46036 | L82: Lory | M82: 1707 | N82: Servil, Lory <lorys@fhcsd.org>
A83: Kubiak, P. | B83: 100091771 | C83: 27177195 | D83: Cynthia R. | E83: 1xweek | F83: 2 | G83: Thurs | H83: 10:30a-12:30pm | I83: 46031 | J83: 46143
A84: Kudlemyer, C. | B84: 101400312 | C84: 23445032 | D84: Fatemeh V. | E84: 1xweek | F84: 3 | G84: Tue & Thurs | H84: 10:00 am -1:00 pm | I84: 46027 | J84: 46143
A85: Liebrich, J. | B85: 100186392 | C85: 26209578 | D85: Ejigayehu W. | E85: 3xweek | F85: 2 | G85: TTHS | H85: 8am-10am | I85: 45963 | J85: 46164 | L85: Lory | M85: 1707 | N85: Servil, Lory <lorys@fhcsd.org>
A86: Linner, M. | B86: 100118436 | C86: 21733805 | D86: Don M. | E86: 5xweek | F86: 2 | G86: Mon-Fri | H86: 3:00 pm - 5:00 pm | I86: 45974 | J86: 46155 | L86: Galia | M86: 3705 | N86: galias@fhcsd.org
A87: Linner, M. | B87: 100118436 | C87: 21733805 | D87: Colleen R. | E87: 2xweek | F87: 2 | G87: Sat & Sun | H87: 3:00 pm - 5:00 pm | I87: 45974 | J87: 46155 | L87: Galia | M87: 3705 | N87: galias@fhcsd.org
A88: Lowery, R. | B88: 100737473 | C88: 25198948 | D88: Akilah H. | E88: 2xweek | F88: 2 | G88: Tues &Thurs | H88: 9am-11am | I88: 45939 | J88: 46112 | L88: Mercy | M88: 5940 | N88: mercyc@fhcsd.org
A89: Loya, J. | B89: 100969485 | C89: 26986816 | D89: Rochelle G. | E89: 3xweek | F89: 2 | G89: Tues, Th, & Fri | H89: 1:00pm - 3:00pm | I89: 46024 | J89: 46172 | L89: Danielle T. | M89: 3763 | N89: nehitaoa@fhcsd.org
A90: Macias, J. | B90: 100654357 | C90: 24613005 | D90: Monique R. | E90: 2xWeek | F90: 2 | G90: Sat & Sun | H90: 4:00pm-6:00pm | I90: 45910 | J90: 46091 | K90: Sat, Sun, holidays | L90: Mercy | M90: 5940 | N90: mercyc@fhcsd.org
A91: Martinez, A. | B91: 101317281 | C91: 26676534 | D91: Margo P. | E91: 3xweek | F91: 2 | G91: Mon, Thur Fri | H91: 11am-1pm | I91: 46007 | J91: 46190 | L91: Aaron | M91: 7011 | N91: aarongo@fhcsd.org
A92: Martinez, M. | B92: 100110805 | C92: 27100959 | D92: Michael H. | E92: 2xWeek | F92: 2 | G92: Mon & Thurs | H92: 7am-9am | I92: 46029 | J92: 46209 | L92: Maribel | M92: 7017 | N92: maribele@fhcsd.org
A93: Martinez, M. | B93: 100110805 | C93: 27100959 | D93: Keani H. | E93: 3xWeek | F93: 2 | G93: TWF | H93: 7am-9am | I93: 46029 | J93: 46209 | L93: Maribel | M93: 7017 | N93: maribele@fhcsd.org
A94: Martinez, S. | B94: 101195355 | C94: 27017892 | D94: Eric E. | E94: 2xWeek | F94: 2 | G94: M & W | H94: 10am-12pm | I94: 46023 | J94: 46090 | L94: Danielle T. | M94: 3763 | N94: daniellet@fhcsd.org
A95: Matias, A. | B95: 100521476 | C95: 27152521 | D95: Margo P. | E95: 1xweek | F95: 2 | G95: Thurs | H95: 7am-9am | I95: 46031 | J95: 46122 | K95: being visitied 2x week for 1 mo from 11/19, then will be 1x /week | L95: Maribel | M95: 7017 | N95: maribele@fhcsd.org
A96: Matias, A. | B96: 100521476 | C96: 27152521 | D96: Keani H. | E96: 5xWeek | F96: 2 | G96: Tues, Wed, Fri, Sat, Sun | H96: 7am-9am | I96: 46031 | J96: 46122 | K96: being visitied 2x week for 1 mo from 11/19, then will be 1x /week | L96: Maribel | M96: 7017 | N96: maribele@fhcsd.org
A97: Matias, A. | B97: 100521476 | C97: 27152521 | D97: Cynthia R. | E97: 1xweek | F97: 2 | G97: Mon | H97: 7am-9am | I97: 46031 | J97: 46122 | K97: being visitied 2x week for 1 mo from 11/19, then will be 1x /week | L97: Maribel | M97: 7017 | N97: maribele@fhcsd.org
A98: Mclaughlin, J. | B98: 100111521 | C98: 25574330 | D98: Renee R. | E98: 1xweek | F98: 2 | G98: Thurs | H98: 3pm-5pm | I98: 45957 | J98: 46023 | L98: Lory | M98: 1707 | N98: Servil, Lory <lorys@fhcsd.org>
A99: Medina, G. | B99: 101220960 | C99: 26246422 | D99: Michael H. | E99: 14xweek | F99: 2 | G99: Mon-Sun | H99: AM & PM | I99: 45987 | J99: 46062 | L99: Aaron | M99: 7011 | N99: aarongo@fhcsd.org
A100: Mendez, M. | B100: 100061176 | C100: 25992369 | D100: Nadhii B. | E100: 3xweek | F100: 2 | G100: Tue, Wed, Thur | H100: 10am-12pm | I100: 45974 | J100: 46080 | L100: Danielle T. | M100: 3763 | N100: daniellet@fhcsd.org
...

Sheet Discharged PPT
D4: Participant's First and Last Name | E4: Discharged Date
D5: Calvin Milner | E5: 44745
D6: Karen Lee Patton | E6: 44754
D7: Philip Bishay | E7: 44754
D8: Della Clark | E8: 44774
D9: Sammie Neve | E9: 44785
D10: Redolfo Casil | E10: 44798
D11: Delareco Pacely | E11: 44790
D12: Guillermo Corrales | E12: 44903
D13: Mario Mendez | E13: 44889
D14: Maria Santa Lopez | E14: 44897
D15: Zoila Coto Rodriguez | E15: 44924
D16: Rochelle Olsen | E16: 44911
... D20: Richard Johnson | E20: 44943
D21: Rogelio Gomez
D22: Natalie Balard | E22: 44952
D23: Flores Cota, M. | E23: 44964
D24: Guerrero, R. | E24: 44977
D25: Mason, P. | E25: 44980
D26: Verduzco Mota, E. | E26: 44982
D27: Kirkland, J. | E27: 44996
D28: Bergelin, R. | E28: 45015
D29: Estrada, I. | E29: 45000
D30: Woodward, D. | E30: 45003
D31: Flores, T. | E31: 45009
D32: Cory, L. | E32: 45015
D33: Diaz, M. | E33: 45016
... D45: Wallace, D. | E45: 45099
D46: Delrio, R. | E46: 45136 | F46: Hospitalized/SNF
D47: Thamarath, O. | E47: 45110
D48: Jackson, K. | E48: 45120
D49: Sepich, M. | E49: 45131
D50: De Nolf, T. | E50: 45132
D51: Cooper, S. | E51: 45137
D52: Mora, A. | E52: 45161
D53: Nemetz, R. | E53: 45161
D54: Clark, D. | E54: 45162 | F54: Cancelled 8/24 per Gwen's email
D55: Szczygiel, T. | E55: 45164
D56: Govan, A. | E56: 45166
D57: Maciel, I. | E57: 45180
D58: Rhoads, D. | E58: 45183
D59: Salas, R. | E59: 45188
D60: Arnold, M. | E60: 45198
D61: Webb, J. | E61: 45202 | F61: HH Per Gwen's advise
D62: Bolte, M. | E62: 45203
D63: Warren, S. | E63: 45203
D64: Woldmskel, E. | E64: 45207 | F64: both HH & HC
D65: Jimenez, G. | E65: 45204
D66: Stathopoulos, K. | E66: 45208 | F66: Cancelled per Leah's advise
D67: Sanchez, M. | E67: 45216
D68: Humberto, D. | E68: 45231
D69: White, W. | E69: 45238 | F69: Ppt expired 11/8/2023
D70: Neve, S. | E70: 45244 | F70: Per RNCM email 11.14.23
D71: O'brien, P. | E71: 45246
D72: Loya, J. | E72: 45250
D73: Parra, M. | E73: 45259
D74: Contreras, M. | E74: 45260 | F74: Disenrolled
D75: Garcia Chavez, L. | E75: 45274
D76: Bolte, M. | E76: 45274
D77: Mora, A. | E77: 45259 | F77: Hospitalized/SNF
D78: Rider, L. | E78: 45281 | F78: Per RN CM's advise
D79: Fix, T. | E79: 45288 | F79: Per RN CM's advise | G79: email 12/27
D80: Figueroa, L. | E80: 45291
D81: Webb, J. | E81: 45293
D82: Woldmskel, E. | E82: 45299 | F82: Passed away 1/7/2024
D83: Castro, S. | E83: 45303 | F83: Passed away 1/12/2024
D84: Cayetano, S | E84: 45303
D85: Sepich, M. | E85: 45310 | F85: Discharged Hcare per RNCM's advise
D86: Tamayo, J. | E86: 45311
D87: Doan, M. | E87: 45314 | F87: Per RNCM's advise
D88: Tejeda, C. | E88: 45316 | F88: Passed away 1/25/2024
D89: Herrera, G. | E89: 45322 | F89: Per RN CM's advise
D90: Jackson, J. | E90: 45330 | F90: Per RN CM's advise | G90: Cancelled 2/8/2024
D91: Pohl, R. | E91: 45336
D92: Johnson, R. | E92: 45337
D93: Medina, E, | E93: 44613
D94: Flenoid, C. | E94: 45344
D95: Hernandez, G. | E95: 45345
D96: Millan, V. | E96: 45345
D97: Flores, T. | E97: 45354
D98: Slover, M. | E98: 45356 | F98: Per RNCM's advise
D99: Sterling, A. | E99: 45378
D100: Webb, J. | E100: 45386 | F100: Passed away
D101: Gomez, J. | E101: 45397 | F101: Per RNCM's advise
D102: Martinez Lara, O. | E102: 45399 | F102: Per RNCM's advise
D103: Garcia Sanchez, M. | E103: 45415
D104: Thornton, D. | E104: 45415
D105: Walton, J. | E105: 45421
D106: Cory, L. | E106: 45434
D107: Gruber, E. | E107: 45440 | F107: HC cancelled
D108: Farrias Pullido, M. | E108: 45440
D109: Borja, A. | E109: 45443
D110: Garcia Jimenez, R. | E110: 45443 | F110: Disenrolled
D111: Chavez Garcia, R. | E111: 45447
D112: McDonald, J. | E112: 45456
D113: Wise, V. | E113: 45456 | F113: Moved to other state
D114: Estrada, M. | E114: 45459 | F114: Passed away
D115: Alvarez, J. | E115: 45471
D116: Chavez Garcia, R. | E116: 45473
D117: Lopez, S. | E117: 45492 | F117: Disenrolled from PACE 7/1 per Nurse Mngr
...

Sheet EXPIRATION DATES
A1: HOME HEALTH/SKILLED Participant's Name | B1: Date Approved | C1: Date Authorization Expires | D1: REMARKS | I1: HOME CARE/UNSKILLED Participant's Name | J1: Date Approved | K1: Date Authorization Expires | L1: REMARKS
A2: Garcia Ramirez, R. | B2: =VLOOKUP(A2,SKILLED!A:I,9,0) -> 45744 | C2: =VLOOKUP(A2,SKILLED!$A:$J,10,0) -> 45808 | D2: SNF | I2: Adame-Hurtado, E. | J2: =VLOOKUP(I2,UNSKILLED!$A:$J,9,0) -> 45824 | K2: =VLOOKUP(I2,UNSKILLED!$A:$J,10,0) -> 45915 | L2: hospitalized/SNF
A3: Willis, J. | B3: =VLOOKUP(A3,SKILLED!A:I,9,0) -> 45667 | C3: =VLOOKUP(A3,SKILLED!$A:$J,10,0) -> 45848 | D3: Hospitalized 2/14/25 per RNCM Nehita | I3: Turest, V. | J3: =VLOOKUP(I3,UNSKILLED!$A:$J,9,0) -> 45789 | K3: =VLOOKUP(I3,UNSKILLED!$A:$J,10,0) -> 45973 | L3: hospitalized/SNF
A4: Baker, R. | B4: =VLOOKUP(A4,SKILLED!A:I,9,0) -> 45793 | C4: =VLOOKUP(A4,SKILLED!$A:$J,10,0) -> 45918 | D4: SNF | I4: Newport, L. | J4: =VLOOKUP(I4,UNSKILLED!$A:$J,9,0) -> 46008 | K4: =VLOOKUP(I4,UNSKILLED!$A:$J,10,0) -> 46013 | L4: 1x visit only
A5: Zuniga Sandoval, V. | B5: =VLOOKUP(A5,SKILLED!A:I,9,0) -> 45854 | C5: =VLOOKUP(A5,SKILLED!$A:$J,10,0) -> 45945 | D5: expired | I5: Turcios, S. | J5: =VLOOKUP(I5,UNSKILLED!$A:$J,9,0) -> 45836 | K5: =VLOOKUP(I5,UNSKILLED!$A:$J,10,0) -> 46022 | L5: extended, pending updated auth Weekends
A6: Taylor, H. | B6: =VLOOKUP(A6,SKILLED!A:I,9,0) -> 45911 | C6: =VLOOKUP(A6,SKILLED!$A:$J,10,0) -> 45947 | D6: waiting for auth from 10/17 - 11/5 | I6: Diaz, M. F. | J6: =VLOOKUP(I6,UNSKILLED!$A:$J,9,0) -> 46008 | K6: =VLOOKUP(I6,UNSKILLED!$A:$J,10,0) -> 46022 | L6: extended, pending updated auth with corrected expiration date
A7: Turest, V. | B7: =VLOOKUP(A7,SKILLED!A:I,9,0) -> 45789 | C7: =VLOOKUP(A7,SKILLED!$A:$J,10,0) -> 45973 | D7: SNF | I7: Adame, R. | J7: =VLOOKUP(I7,UNSKILLED!$A:$J,9,0) -> 45946 | K7: =VLOOKUP(I7,UNSKILLED!$A:$J,10,0) -> 46022 | L7: paused/on hold
A8: Adame-Hurtado, E. | B8: =VLOOKUP(A8,SKILLED!A:I,9,0) -> 45909 | C8: =VLOOKUP(A8,SKILLED!$A:$J,10,0) -> 46000 | D8: SNF | I8: Binder, J. | J8: =VLOOKUP(I8,UNSKILLED!$A:$J,9,0) -> 45954 | K8: =VLOOKUP(I8,UNSKILLED!$A:$J,10,0) -> 46022 | L8: pending DC date/plan from SNF
A9: Camarda, T. | B9: =VLOOKUP(A9,SKILLED!A:I,9,0) -> 45986 | C9: =VLOOKUP(A9,SKILLED!$A:$J,10,0) -> 46022 | D9: Expired | I9: McGinn, M. | J9: =VLOOKUP(I9,UNSKILLED!$A:$J,9,0) -> 45972 | K9: =VLOOKUP(I9,UNSKILLED!$A:$J,10,0) -> 46022 | L9: hospitalized/SNF
A10: Gonzalez, L. | B10: =VLOOKUP(A10,SKILLED!A:I,9,0) -> 45957 | C10: =VLOOKUP(A10,SKILLED!$A:$J,10,0) -> 46023 | D10: Expired | I10: Bearden, K. | J10: =VLOOKUP(I10,UNSKILLED!$A:$J,9,0) -> 45873 | K10: =VLOOKUP(I10,UNSKILLED!$A:$J,10,0) -> 46029 | L10: EXPIRED
A11: Mclaughlin, J. | B11: =VLOOKUP(A11,SKILLED!A:I,9,0) -> 45957 | C11: =VLOOKUP(A11,SKILLED!$A:$J,10,0) -> 46023 | D11: extended, auth is missing the exp date | I11: Cross, W. | J11: =VLOOKUP(I11,UNSKILLED!$A:$J,9,0) -> 45854 | K11: =VLOOKUP(I11,UNSKILLED!$A:$J,10,0) -> 46037
A12: Corrales, G. | B12: =VLOOKUP(A12,SKILLED!A:I,9,0) -> 45847 | C12: =VLOOKUP(A12,SKILLED!$A:$J,10,0) -> 46030 | D12: Expired | I12: Green, R. | J12: =VLOOKUP(I12,UNSKILLED!$A:$J,9,0) -> 45855 | K12: =VLOOKUP(I12,UNSKILLED!$A:$J,10,0) -> 46038
A13: Calderon, G. | B13: =VLOOKUP(A13,SKILLED!A:I,9,0) -> 45847 | C13: =VLOOKUP(A13,SKILLED!$A:$J,10,0) -> 46030 | D13: Expired | I13: Joy, J. | J13: =VLOOKUP(I13,UNSKILLED!$A:$J,9,0) -> 45870 | K13: =VLOOKUP(I13,UNSKILLED!$A:$J,10,0) -> 46053
A14: Verduzco, E. | B14: =VLOOKUP(A14,SKILLED!A:I,9,0) -> 11/22/205 | C14: =VLOOKUP(A14,SKILLED!$A:$J,10,0) -> 46033 | D14: extended waiting for auth | I14: Snyder, C. | J14: =VLOOKUP(I14,UNSKILLED!$A:$J,9,0) -> 46002 | K14: =VLOOKUP(I14,UNSKILLED!$A:$J,10,0) -> 46053
A15: Kirkland, J. | B15: =VLOOKUP(A15,SKILLED!A:I,9,0) -> 45853 | C15: =VLOOKUP(A15,SKILLED!$A:$J,10,0) -> 46036 | D15: Hospitalized | I15: Figueroa Garcia, R. | J15: =VLOOKUP(I15,UNSKILLED!$A:$J,9,0) -> 45887 | K15: =VLOOKUP(I15,UNSKILLED!$A:$J,10,0) -> 46053
A16: Cross, W. | B16: =VLOOKUP(A16,SKILLED!A:I,9,0) -> 45854 | C16: =VLOOKUP(A16,SKILLED!$A:$J,10,0) -> 46037 | I16: Mendez, M. | J16: =VLOOKUP(I16,UNSKILLED!$A:$J,9,0) -> 45888 | K16: =VLOOKUP(I16,UNSKILLED!$A:$J,10,0) -> 46053
A17: Flenoid, C. | B17: =VLOOKUP(A17,SKILLED!A:I,9,0) -> 45867 | C17: =VLOOKUP(A17,SKILLED!$A:$J,10,0) -> 46050 | I17: Smith, C. | J17: =VLOOKUP(I17,UNSKILLED!$A:$J,9,0) -> 45891 | K17: =VLOOKUP(I17,UNSKILLED!$A:$J,10,0) -> 46053
A18: Gardner, N. | B18: =VLOOKUP(A18,SKILLED!A:I,9,0) -> 45867 | C18: =VLOOKUP(A18,SKILLED!$A:$J,10,0) -> 46050 | I18: Calderon, E. | J18: =VLOOKUP(I18,UNSKILLED!$A:$J,9,0) -> 45915 | K18: =VLOOKUP(I18,UNSKILLED!$A:$J,10,0) -> 46053
A19: Herrera, G. | B19: =VLOOKUP(A19,SKILLED!A:I,9,0) -> 45867 | C19: =VLOOKUP(A19,SKILLED!$A:$J,10,0) -> 46050 | I19: Mcdonald, G. | J19: =VLOOKUP(I19,UNSKILLED!$A:$J,9,0) -> 45931 | K19: =VLOOKUP(I19,UNSKILLED!$A:$J,10,0) -> 46053
A20: Vega, S. | B20: =VLOOKUP(A20,SKILLED!A:I,9,0) -> 45839 | C20: =VLOOKUP(A20,SKILLED!$A:$J,10,0) -> 46053 | I20: Holmes, E. | J20: =VLOOKUP(I20,UNSKILLED!$A:$J,9,0) -> 45936 | K20: =VLOOKUP(I20,UNSKILLED!$A:$J,10,0) -> 46053
A21: Araujo, D. | B21: =VLOOKUP(A21,SKILLED!A:I,9,0) -> 45974 | C21: =VLOOKUP(A21,SKILLED!$A:$J,10,0) -> 46060 | D21: cancelled | I21: Hannegan, C. | J21: =VLOOKUP(I21,UNSKILLED!$A:$J,9,0) -> 45958 | K21: =VLOOKUP(I21,UNSKILLED!$A:$J,10,0) -> 46053
A22: Medina, G. | B22: =VLOOKUP(A22,SKILLED!A:I,9,0) -> 45987 | C22: =VLOOKUP(A22,SKILLED!$A:$J,10,0) -> 46062 | I22: Miller, D. | J22: =VLOOKUP(I22,UNSKILLED!$A:$J,9,0) -> 45967 | K22: =VLOOKUP(I22,UNSKILLED!$A:$J,10,0) -> 46053
A23: Alcaraz, A. | B23: =VLOOKUP(A23,SKILLED!A:I,9,0) -> 46031 | C23: =VLOOKUP(A23,SKILLED!$A:$J,10,0) -> 46062 | I23: Kudlemyer, C. | J23: =VLOOKUP(I23,UNSKILLED!$A:$J,9,0) -> 45990 | K23: =VLOOKUP(I23,UNSKILLED!$A:$J,10,0) -> 46053
A24: Jones, S. | B24: =VLOOKUP(A24,SKILLED!A:I,9,0) -> 46000 | C24: =VLOOKUP(A24,SKILLED!$A:$J,10,0) -> 46063 | I24: Neri, M. | J24: =VLOOKUP(I24,UNSKILLED!$A:$J,9,0) -> 45992 | K24: =VLOOKUP(I24,UNSKILLED!$A:$J,10,0) -> 46053
A25: Sanchez, G. | B25: =VLOOKUP(A25,SKILLED!A:I,9,0) -> 45978 | C25: =VLOOKUP(A25,SKILLED!$A:$J,10,0) -> 46072 | I25: Glancy, L. | J25: =VLOOKUP(I25,UNSKILLED!$A:$J,9,0) -> 46013 | K25: =VLOOKUP(I25,UNSKILLED!$A:$J,10,0) -> 46053
A26: Chaaban, R. | B26: =VLOOKUP(A26,SKILLED!A:I,9,0) -> 46023 | C26: =VLOOKUP(A26,SKILLED!$A:$J,10,0) -> 46073 | I26: Verdugo, D. | J26: =VLOOKUP(I26,UNSKILLED!$A:$J,9,0) -> 46029 | K26: =VLOOKUP(I26,UNSKILLED!$A:$J,10,0) -> 46054 | L26: extended, pending updated auth
A27: Wright, L. | B27: =VLOOKUP(A27,SKILLED!A:I,9,0) -> 46000 | C27: =VLOOKUP(A27,SKILLED!$A:$J,10,0) -> 46079 | I27: Gashimov, K. | J27: =VLOOKUP(I27,UNSKILLED!$A:$J,9,0) -> 45924 | K27: =VLOOKUP(I27,UNSKILLED!$A:$J,10,0) -> 46054
A28: Huynh, J. | B28: =VLOOKUP(A28,SKILLED!A:I,9,0) -> 45974 | C28: =VLOOKUP(A28,SKILLED!$A:$J,10,0) -> 46080 | I28: Campbell, C. | J28: =VLOOKUP(I28,UNSKILLED!$A:$J,9,0) -> 46029 | K28: =VLOOKUP(I28,UNSKILLED!$A:$J,10,0) -> 46054
A29: Mendez, M. | B29: =VLOOKUP(A29,SKILLED!A:I,9,0) -> 45974 | C29: =VLOOKUP(A29,SKILLED!$A:$J,10,0) -> 46080 | I29: Boston, J. | J29: =VLOOKUP(I29,UNSKILLED!$A:$J,9,0) -> 45898 | K29: =VLOOKUP(I29,UNSKILLED!$A:$J,10,0) -> 46056
A30: Gallegos, M. | B30: =VLOOKUP(A30,SKILLED!A:I,9,0) -> 45978 | C30: =VLOOKUP(A30,SKILLED!$A:$J,10,0) -> 46081 | I30: Arnold, M. | J30: =VLOOKUP(I30,UNSKILLED!$A:$J,9,0) -> 45980 | K30: =VLOOKUP(I30,UNSKILLED!$A:$J,10,0) -> 46081
A31: Garcia Chavez, L. | B31: =VLOOKUP(A31,SKILLED!A:I,9,0) -> 45931 | C31: =VLOOKUP(A31,SKILLED!$A:$J,10,0) -> 46081 | I31: Bradbury, F. | J31: =VLOOKUP(I31,UNSKILLED!$A:$J,9,0) -> 46008 | K31: =VLOOKUP(I31,UNSKILLED!$A:$J,10,0) -> 46081 | L31: extended pending auth
A32: Fuentes, A. | B32: =VLOOKUP(A32,SKILLED!A:I,9,0) -> 45918 | C32: =VLOOKUP(A32,SKILLED!$A:$J,10,0) -> 46081 | I32: Kapp, M. | J32: =VLOOKUP(I32,UNSKILLED!$A:$J,9,0) -> 45910 | K32: =VLOOKUP(I32,UNSKILLED!$A:$J,10,0) -> 46081
A33: Rider, L. | B33: =VLOOKUP(A33,SKILLED!A:I,9,0) -> 45898 | C33: =VLOOKUP(A33,SKILLED!$A:$J,10,0) -> 46081 | I33: Kapp, H. | J33: =VLOOKUP(I33,UNSKILLED!$A:$J,9,0) -> 45911 | K33: =VLOOKUP(I33,UNSKILLED!$A:$J,10,0) -> 46081
A34: Sims, S. | B34: =VLOOKUP(A34,SKILLED!A:I,9,0) -> 45897 | C34: =VLOOKUP(A34,SKILLED!$A:$J,10,0) -> 46081 | I34: Werntz, D. | J34: =VLOOKUP(I34,UNSKILLED!$A:$J,9,0) -> 45912 | K34: =VLOOKUP(I34,UNSKILLED!$A:$J,10,0) -> 46081
A35: Fudge, R. | B35: =VLOOKUP(A35,SKILLED!A:I,9,0) -> 45994 | C35: =VLOOKUP(A35,SKILLED!$A:$J,10,0) -> 46083 | I35: Dulina, D. | J35: =VLOOKUP(I35,UNSKILLED!$A:$J,9,0) -> 45919 | K35: =VLOOKUP(I35,UNSKILLED!$A:$J,10,0) -> 46081
A36: Sanchez Y Lara, M. | B36: =VLOOKUP(A36,SKILLED!A:I,9,0) -> 45903 | C36: =VLOOKUP(A36,SKILLED!$A:$J,10,0) -> 46084 | I36: Berend, S. | J36: =VLOOKUP(I36,UNSKILLED!$A:$J,9,0) -> 45925 | K36: =VLOOKUP(I36,UNSKILLED!$A:$J,10,0) -> 46081
A37: Martinez, S. | B37: =VLOOKUP(A37,SKILLED!A:I,9,0) -> 46023 | C37: =VLOOKUP(A37,SKILLED!$A:$J,10,0) -> 46090 | D37: extended, pending updated auth with corrected expiration date | I37: Meyo, A. | J37: =VLOOKUP(I37,UNSKILLED!$A:$J,9,0) -> 45931 | K37: =VLOOKUP(I37,UNSKILLED!$A:$J,10,0) -> 46081
A38: Jimenez, G. | B38: =VLOOKUP(A38,SKILLED!A:I,9,0) -> 45910 | C38: =VLOOKUP(A38,SKILLED!$A:$J,10,0) -> 46091 | I38: Thompson, L. | J38: =VLOOKUP(I38,UNSKILLED!$A:$J,9,0) -> 45931 | K38: =VLOOKUP(I38,UNSKILLED!$A:$J,10,0) -> 46081
A39: Macias, J. | B39: =VLOOKUP(A39,SKILLED!A:I,9,0) -> 45910 | C39: =VLOOKUP(A39,SKILLED!$A:$J,10,0) -> 46091 | I39: Anderman, C. | J39: =VLOOKUP(I39,UNSKILLED!$A:$J,9,0) -> 45933 | K39: =VLOOKUP(I39,UNSKILLED!$A:$J,10,0) -> 46081
A40: Appell, L. | B40: =VLOOKUP(A40,SKILLED!A:I,9,0) -> 46005 | C40: =VLOOKUP(A40,SKILLED!$A:$J,10,0) -> 46095 | I40: Cork, J. | J40: =VLOOKUP(I40,UNSKILLED!$A:$J,9,0) -> 45933 | K40: =VLOOKUP(I40,UNSKILLED!$A:$J,10,0) -> 46081
A41: Minor, D. | B41: =VLOOKUP(A41,SKILLED!A:I,9,0) -> 45946 | C41: =VLOOKUP(A41,SKILLED!$A:$J,10,0) -> 46097 | I41: Alcaraz, A. | J41: =VLOOKUP(I41,UNSKILLED!$A:$J,9,0) -> 45994 | K41: =VLOOKUP(I41,UNSKILLED!$A:$J,10,0) -> 46081 | L41: waiting for Zhang
A42: Moreno Cardenas, A. | B42: =VLOOKUP(A42,SKILLED!A:I,9,0) -> 45916 | C42: =VLOOKUP(A42,SKILLED!$A:$J,10,0) -> 46097 | I42: Jing, Z. | J42: =VLOOKUP(I42,UNSKILLED!$A:$J,9,0) -> 45947 | K42: =VLOOKUP(I42,UNSKILLED!$A:$J,10,0) -> 46081
A43: Guzman, M. | B43: =VLOOKUP(A43,SKILLED!A:I,9,0) -> 45946 | C43: =VLOOKUP(A43,SKILLED!$A:$J,10,0) -> 46097 | I43: Sheperd, G. | J43: =VLOOKUP(I43,UNSKILLED!$A:$J,9,0) -> 45980 | K43: =VLOOKUP(I43,UNSKILLED!$A:$J,10,0) -> 46081
A44: Sterling, A. | B44: =VLOOKUP(A44,SKILLED!A:I,9,0) -> 45917 | C44: =VLOOKUP(A44,SKILLED!$A:$J,10,0) -> 46103 | I44: Sandoval, L. | J44: =VLOOKUP(I44,UNSKILLED!$A:$J,9,0) -> 11/28/205 | K44: =VLOOKUP(I44,UNSKILLED!$A:$J,10,0) -> 46081
A45: Simpson, W. | B45: =VLOOKUP(A45,SKILLED!A:I,9,0) -> 45929 | C45: =VLOOKUP(A45,SKILLED!$A:$J,10,0) -> 46111 | I45: Alvarez, F. | J45: =VLOOKUP(I45,UNSKILLED!$A:$J,9,0) -> 46029 | K45: =VLOOKUP(I45,UNSKILLED!$A:$J,10,0) -> 46082 | L45: extended, pending updated auth
A46: Binder, J. | B46: =VLOOKUP(A46,SKILLED!A:I,9,0) -> 45940 | C46: =VLOOKUP(A46,SKILLED!$A:$J,10,0) -> 46112 | I46: Arviso, J. | J46: =VLOOKUP(I46,UNSKILLED!$A:$J,9,0) -> 45929 | K46: =VLOOKUP(I46,UNSKILLED!$A:$J,10,0) -> 46104
A47: Lowery, R. | B47: =VLOOKUP(A47,SKILLED!A:I,9,0) -> 45939 | C47: =VLOOKUP(A47,SKILLED!$A:$J,10,0) -> 46112 | I47: Seager, J. | J47: =VLOOKUP(I47,UNSKILLED!$A:$J,9,0) -> 46029 | K47: =VLOOKUP(I47,UNSKILLED!$A:$J,10,0) -> 46112
A48: Gashimov, K. | B48: =VLOOKUP(A48,SKILLED!A:I,9,0) -> 45925 | C48: =VLOOKUP(A48,SKILLED!$A:$J,10,0) -> 46112 | I48: McAllister, S. | J48: =VLOOKUP(I48,UNSKILLED!$A:$J,9,0) -> 46027 | K48: =VLOOKUP(I48,UNSKILLED!$A:$J,10,0) -> 46112
A49: Santana Lopez, M. | B49: =VLOOKUP(A49,SKILLED!A:I,9,0) -> 10/01/205 | C49: =VLOOKUP(A49,SKILLED!$A:$J,10,0) -> 46113 | I49: Jevas, K. | J49: =VLOOKUP(I49,UNSKILLED!$A:$J,9,0) -> 45909 | K49: =VLOOKUP(I49,UNSKILLED!$A:$J,10,0) -> 46112
A50: Tablas, R. | B50: =VLOOKUP(A50,SKILLED!A:I,9,0) -> 45932 | C50: =VLOOKUP(A50,SKILLED!$A:$J,10,0) -> 46113 | I50: George, P. | J50: =VLOOKUP(I50,UNSKILLED!$A:$J,9,0) -> 45929 | K50: =VLOOKUP(I50,UNSKILLED!$A:$J,10,0) -> 46112
A51: Morones, E. | B51: =VLOOKUP(A51,SKILLED!A:I,9,0) -> 46027 | C51: =VLOOKUP(A51,SKILLED!$A:$J,10,0) -> 46118 | I51: Raney, R. | J51: =VLOOKUP(I51,UNSKILLED!$A:$J,9,0) -> 45931 | K51: =VLOOKUP(I51,UNSKILLED!$A:$J,10,0) -> 46112
A52: De Leon, M. | B52: =VLOOKUP(A52,SKILLED!A:I,9,0) -> 46029 | C52: =VLOOKUP(A52,SKILLED!$A:$J,10,0) -> 46119 | I52: Kirkland, J. | J52: =VLOOKUP(I52,UNSKILLED!$A:$J,9,0) -> 45938 | K52: =VLOOKUP(I52,UNSKILLED!$A:$J,10,0) -> 46112
A53: Vasquez, V. | B53: =VLOOKUP(A53,SKILLED!A:I,9,0) -> 45940 | C53: =VLOOKUP(A53,SKILLED!$A:$J,10,0) -> 46121 | I53: Swint, J. | J53: =VLOOKUP(I53,UNSKILLED!$A:$J,9,0) -> 45979 | K53: =VLOOKUP(I53,UNSKILLED!$A:$J,10,0) -> 46112
A54: Matias, A. | B54: =VLOOKUP(A54,SKILLED!A:I,9,0) -> 46031 | C54: =VLOOKUP(A54,SKILLED!$A:$J,10,0) -> 46122 | I54: Goldstone, E. | J54: =VLOOKUP(I54,UNSKILLED!$A:$J,9,0) -> 45995 | K54: =VLOOKUP(I54,UNSKILLED!$A:$J,10,0) -> 46140
A55: Miller, D. | B55: =VLOOKUP(A55,SKILLED!A:I,9,0) -> 46024 | C55: =VLOOKUP(A55,SKILLED!$A:$J,10,0) -> 46127 | I55: Wynn, K. | J55: =VLOOKUP(I55,UNSKILLED!$A:$J,9,0) -> 45995 | K55: =VLOOKUP(I55,UNSKILLED!$A:$J,10,0) -> 46140
A56: Bernanke, F. | B56: =VLOOKUP(A56,SKILLED!A:I,9,0) -> 46009 | C56: =VLOOKUP(A56,SKILLED!$A:$J,10,0) -> 46127 | I56: Minor, D. | J56: =VLOOKUP(I56,UNSKILLED!$A:$J,9,0) -> 46023 | K56: =VLOOKUP(I56,UNSKILLED!$A:$J,10,0) -> 46142
A57: Garcia Torres, R. | B57: =VLOOKUP(A57,SKILLED!A:I,9,0) -> 45946 | C57: =VLOOKUP(A57,SKILLED!$A:$J,10,0) -> 46127 | I57: Linner, M. | J57: =VLOOKUP(I57,UNSKILLED!$A:$J,9,0) -> 46023 | K57: =VLOOKUP(I57,UNSKILLED!$A:$J,10,0) -> 46142 | L57: extending
A58: Witt, D. | B58: =VLOOKUP(A58,SKILLED!A:I,9,0) -> 46035 | C58: =VLOOKUP(A58,SKILLED!$A:$J,10,0) -> 46128 | D58: Expired | I58: Guzman Palacios, N. | J58: =VLOOKUP(I58,UNSKILLED!$A:$J,9,0) -> 46023 | K58: =VLOOKUP(I58,UNSKILLED!$A:$J,10,0) -> 46142
A59: Contreras, B. | B59: =VLOOKUP(A59,SKILLED!A:I,9,0) -> 46031 | C59: =VLOOKUP(A59,SKILLED!$A:$J,10,0) -> 46128 | I59: Simpson, W. | J59: =VLOOKUP(I59,UNSKILLED!$A:$J,9,0) -> 46015 | K59: =VLOOKUP(I59,UNSKILLED!$A:$J,10,0) -> 46142
A60: Sanchez, C. | B60: =VLOOKUP(A60,SKILLED!A:I,9,0) -> 45939 | C60: =VLOOKUP(A60,SKILLED!$A:$J,10,0) -> 46128 | I60: Alvarez, J. | J60: =VLOOKUP(I60,UNSKILLED!$A:$J,9,0) -> 46023 | K60: =VLOOKUP(I60,UNSKILLED!$A:$J,10,0) -> 46142
A61: Guzman Palacios, N. | B61: =VLOOKUP(A61,SKILLED!A:I,9,0) -> 45954 | C61: =VLOOKUP(A61,SKILLED!$A:$J,10,0) -> 46136 | I61: Brae, A. | J61: =VLOOKUP(I61,UNSKILLED!$A:$J,9,0) -> 46013 | K61: =VLOOKUP(I61,UNSKILLED!$A:$J,10,0) -> 46142
A62: Hernandez, P. | B62: =VLOOKUP(A62,SKILLED!A:I,9,0) -> 45971 | C62: =VLOOKUP(A62,SKILLED!$A:$J,10,0) -> 46142 | I62: Guzman, M. | J62: =VLOOKUP(I62,UNSKILLED!$A:$J,9,0) -> 46029 | K62: =VLOOKUP(I62,UNSKILLED!$A:$J,10,0) -> 46143 | L62: extended, pending updated auth
A63: Sandoval, L. | B63: =VLOOKUP(A63,SKILLED!A:I,9,0) -> 45960 | C63: =VLOOKUP(A63,SKILLED!$A:$J,10,0) -> 46142 | I63: Turcios, S. M-F | J63: =VLOOKUP(I63,UNSKILLED!$A:$J,9,0) -> 46029 | K63: =VLOOKUP(I63,UNSKILLED!$A:$J,10,0) -> 46143 | L63: Sat and Sun auth also expiring on 12/31/25
A64: Kubiak, P. | B64: =VLOOKUP(A64,SKILLED!A:I,9,0) -> 46031 | C64: =VLOOKUP(A64,SKILLED!$A:$J,10,0) -> 46143 | I64: Bixby, R. | J64: =VLOOKUP(I64,UNSKILLED!$A:$J,9,0) -> 45992 | K64: =VLOOKUP(I64,UNSKILLED!$A:$J,10,0) -> 46170
A65: Rodriguez, R. | B65: =VLOOKUP(A65,SKILLED!A:I,9,0) -> 46027 | C65: =VLOOKUP(A65,SKILLED!$A:$J,10,0) -> 46143 | I65: Szczygiel, L. | J65: =VLOOKUP(I65,UNSKILLED!$A:$J,9,0) -> 45982 | K65: =VLOOKUP(I65,UNSKILLED!$A:$J,10,0) -> 46171
A66: Cory, L. | B66: =VLOOKUP(A66,SKILLED!A:I,9,0) -> 46024 | C66: =VLOOKUP(A66,SKILLED!$A:$J,10,0) -> 46143 | I66: Lopez Carreno, S. | J66: =VLOOKUP(I66,UNSKILLED!$A:$J,9,0) -> 45658 | K66: =VLOOKUP(I66,UNSKILLED!$A:$J,10,0) -> 46173
A67: Kudlemyer, C. | B67: =VLOOKUP(A67,SKILLED!A:I,9,0) -> 46027 | C67: =VLOOKUP(A67,SKILLED!$A:$J,10,0) -> 46143 | I67: Bernanke, F. | J67: =VLOOKUP(I67,UNSKILLED!$A:$J,9,0) -> 46023 | K67: =VLOOKUP(I67,UNSKILLED!$A:$J,10,0) -> 46173 | L67: extending
A68: Verdugo, D. | B68: =VLOOKUP(A68,SKILLED!A:I,9,0) -> 46023 | C68: =VLOOKUP(A68,SKILLED!$A:$J,10,0) -> 46143 | I68: Vasquez, V. | J68: =VLOOKUP(I68,UNSKILLED!$A:$J,9,0) -> 45658 | K68: =VLOOKUP(I68,UNSKILLED!$A:$J,10,0) -> 46173
A69: Brae, A. | B69: =VLOOKUP(A69,SKILLED!A:I,9,0) -> 45966 | C69: =VLOOKUP(A69,SKILLED!$A:$J,10,0) -> 46147 | I69: Gallaher, N. | J69: =VLOOKUP(I69,UNSKILLED!$A:$J,9,0) -> 45967 | K69: =VLOOKUP(I69,UNSKILLED!$A:$J,10,0) -> 46173
A70: Turcios, S. | B70: =VLOOKUP(A70,SKILLED!A:I,9,0) -> 45968 | C70: =VLOOKUP(A70,SKILLED!$A:$J,10,0) -> 46151 | I70: Cory, L. | J70: =VLOOKUP(I70,UNSKILLED!$A:$J,9,0) -> 45968 | K70: =VLOOKUP(I70,UNSKILLED!$A:$J,10,0) -> 46173
A71: Gonzalez Martinez, E. | B71: =VLOOKUP(A71,SKILLED!A:I,9,0) -> 45972 | C71: =VLOOKUP(A71,SKILLED!$A:$J,10,0) -> 46153 | I71: Flores, E. | J71: =VLOOKUP(I71,UNSKILLED!$A:$J,9,0) -> 45986 | K71: =VLOOKUP(I71,UNSKILLED!$A:$J,10,0) -> 46173
A72: Linner, M. | B72: =VLOOKUP(A72,SKILLED!A:I,9,0) -> 45974 | C72: =VLOOKUP(A72,SKILLED!$A:$J,10,0) -> 46155 | I72: Lares, D. | J72: =VLOOKUP(I72,UNSKILLED!$A:$J,9,0) -> 46028 | K72: =VLOOKUP(I72,UNSKILLED!$A:$J,10,0) -> 46173
A73: Doan, M. | B73: =VLOOKUP(A73,SKILLED!A:I,9,0) -> 45975 | C73: =VLOOKUP(A73,SKILLED!$A:$J,10,0) -> 46156 | I73: Sims, S. | J73: =VLOOKUP(I73,UNSKILLED!$A:$J,9,0) -> 45979 | K73: =VLOOKUP(I73,UNSKILLED!$A:$J,10,0) -> 46174
A74: Campbell, C. | B74: =VLOOKUP(A74,SKILLED!A:I,9,0) -> 46017 | C74: =VLOOKUP(A74,SKILLED!$A:$J,10,0) -> 46157 | I74: Wright, L. | J74: =VLOOKUP(I74,UNSKILLED!$A:$J,9,0) -> 45998 | K74: =VLOOKUP(I74,UNSKILLED!$A:$J,10,0) -> 46201
A75: Richards, A. | B75: =VLOOKUP(A75,SKILLED!A:I,9,0) -> 45978 | C75: =VLOOKUP(A75,SKILLED!$A:$J,10,0) -> 46158 | I75: Martinez, S. | J75: =VLOOKUP(I75,UNSKILLED!$A:$J,9,0) -> 46014 | K75: =VLOOKUP(I75,UNSKILLED!$A:$J,10,0) -> 46203 | L75: extended, pending updated auth
A76: Walton, J. | B76: =VLOOKUP(A76,SKILLED!A:I,9,0) -> 45973 | C76: =VLOOKUP(A76,SKILLED!$A:$J,10,0) -> 46160 | I76: Mclaughlin, J. | J76: =VLOOKUP(I76,UNSKILLED!$A:$J,9,0) -> 46023 | K76: =VLOOKUP(I76,UNSKILLED!$A:$J,10,0) -> 46203
A77: Olson, T. | B77: =VLOOKUP(A77,SKILLED!A:I,9,0) -> 45975 | C77: =VLOOKUP(A77,SKILLED!$A:$J,10,0) -> 46161 | I77: Sterling, A. | J77: =VLOOKUP(I77,UNSKILLED!$A:$J,9,0) -> 46035 | K77: =VLOOKUP(I77,UNSKILLED!$A:$J,10,0) -> 46203
A78: Liebrich, J. | B78: =VLOOKUP(A78,SKILLED!A:I,9,0) -> 45963 | C78: =VLOOKUP(A78,SKILLED!$A:$J,10,0) -> 46164 | I78: Loya, J. | J78: =VLOOKUP(I78,UNSKILLED!$A:$J,9,0) -> 46023 | K78: =VLOOKUP(I78,UNSKILLED!$A:$J,10,0) -> 46203
A79: Garcia, J. | B79: =VLOOKUP(A79,SKILLED!A:I,9,0) -> 45986 | C79: =VLOOKUP(A79,SKILLED!$A:$J,10,0) -> 46169 | I79: Huynh, J. | J79: =VLOOKUP(I79,UNSKILLED!$A:$J,9,0) -> 45992 | K79: =VLOOKUP(I79,UNSKILLED!$A:$J,10,0) -> 46203
A80: Moreno, J. | B80: =VLOOKUP(A80,SKILLED!A:I,9,0) -> 45973 | C80: =VLOOKUP(A80,SKILLED!$A:$J,10,0) -> 46171 | I80: Flenoid, C. | J80: =VLOOKUP(I80,UNSKILLED!$A:$J,9,0) -> 46027 | K80: =VLOOKUP(I80,UNSKILLED!$A:$J,10,0) -> 46203
A81: Loya, J. | B81: =VLOOKUP(A81,SKILLED!A:I,9,0) -> 46024 | C81: =VLOOKUP(A81,SKILLED!$A:$J,10,0) -> 46172 | I81: Lindborg, J. | J81: =VLOOKUP(I81,UNSKILLED!$A:$J,9,0) -> 46027 | K81: =VLOOKUP(I81,UNSKILLED!$A:$J,10,0) -> 46203
A82: Sorkhabi, S. | B82: =VLOOKUP(A82,SKILLED!A:I,9,0) -> 46023 | C82: =VLOOKUP(A82,SKILLED!$A:$J,10,0) -> 46172 | I82: Sanchez Y Lara, M. | J82: =VLOOKUP(I82,UNSKILLED!$A:$J,9,0) -> 46013 | K82: =VLOOKUP(I82,UNSKILLED!$A:$J,10,0) -> 46234
A83: Reed, J. | B83: =VLOOKUP(A83,SKILLED!A:I,9,0) -> 46023 | C83: =VLOOKUP(A83,SKILLED!$A:$J,10,0) -> 46174 | D83: extended, pending updated auth
A84: Adame, R. | B84: =VLOOKUP(A84,SKILLED!A:I,9,0) -> 45995 | C84: =VLOOKUP(A84,SKILLED!$A:$J,10,0) -> 46177
A85: Figueroa Garcia, R. | B85: =VLOOKUP(A85,SKILLED!A:I,9,0) -> 46002 | C85: =VLOOKUP(A85,SKILLED!$A:$J,10,0) -> 46184
A86: Calderon, E. | B86: =VLOOKUP(A86,SKILLED!A:I,9,0) -> 45996 | C86: =VLOOKUP(A86,SKILLED!$A:$J,10,0) -> 46185
A87: Barajas Barragan, A. | B87: =VLOOKUP(A87,SKILLED!A:I,9,0) -> 46009 | C87: =VLOOKUP(A87,SKILLED!$A:$J,10,0) -> 46189
A88: Salas, R. | B88: =VLOOKUP(A88,SKILLED!A:I,9,0) -> 46009 | C88: =VLOOKUP(A88,SKILLED!$A:$J,10,0) -> 46189
A89: Martinez, A. | B89: =VLOOKUP(A89,SKILLED!A:I,9,0) -> 46007 | C89: =VLOOKUP(A89,SKILLED!$A:$J,10,0) -> 46190
A90: Hieshetter, E. | B90: =VLOOKUP(A90,SKILLED!A:I,9,0) -> 46013 | C90: =VLOOKUP(A90,SKILLED!$A:$J,10,0) -> 46191
A91: Franco, M. | B91: =VLOOKUP(A91,SKILLED!A:I,9,0) -> 46006 | C91: =VLOOKUP(A91,SKILLED!$A:$J,10,0) -> 46192
A92: Thompson, L. | B92: =VLOOKUP(A92,SKILLED!A:I,9,0) -> 46015 | C92: =VLOOKUP(A92,SKILLED!$A:$J,10,0) -> 46197
A93: Szczygiel, L. | B93: =VLOOKUP(A93,SKILLED!A:I,9,0) -> 46027 | C93: =VLOOKUP(A93,SKILLED!$A:$J,10,0) -> 46201
A94: Diaz, M. F. | B94: =VLOOKUP(A94,SKILLED!A:I,9,0) -> 46020 | C94: =VLOOKUP(A94,SKILLED!$A:$J,10,0) -> 46201
A95: Javier, H. | B95: =VLOOKUP(A95,SKILLED!A:I,9,0) -> 46020 | C95: =VLOOKUP(A95,SKILLED!$A:$J,10,0) -> 46202
A96: Stephens, J. | B96: =VLOOKUP(A96,SKILLED!A:I,9,0) -> 46022 | C96: =VLOOKUP(A96,SKILLED!$A:$J,10,0) -> 46203 | D96: Extending, pending auth
A97: Neri, M. | B97: =VLOOKUP(A97,SKILLED!A:I,9,0) -> 46017 | C97: =VLOOKUP(A97,SKILLED!$A:$J,10,0) -> 46204
A98: Martinez, M. | B98: =VLOOKUP(A98,SKILLED!A:I,9,0) -> 46029 | C98: =VLOOKUP(A98,SKILLED!$A:$J,10,0) -> 46209 | D98: extended, pending updated auth
A99: Nemetz, R. | B99: =VLOOKUP(A99,SKILLED!A:I,9,0) -> 46031 | C99: =VLOOKUP(A99,SKILLED!$A:$J,10,0) -> 46211
A100: Dulina, D. | B100: =VLOOKUP(A100,SKILLED!A:I,9,0) -> 46031 | C100: =VLOOKUP(A100,SKILLED!$A:$J,10,0) -> 07/11/226

Sheet Sheet3

Sheet Holidays
A1: FHCP EMPLOYEES | B1: email | C1: 619-515-2445 ext.
A2: Claire Wedemier | B2: clairew@fhcsd.org | C2: 7003
A3: Gwen Banes | B3: gwendolynb@fhcsd.org | C3: 7006
A4: Maribel Estrada | B4: maribele@fhcsd.org | C4: 7017
A5: Mercy Crelly | B5: mercyc@fhcsd.org | C5: 5940
A6: Andrey Pentzakoff | B6: andreyp@fhcsd.org | C6: 7011
A7: Dalia Razo | B7: daliara@fhcsd.org | C7: 7046
A8: Leah Cabrera | B8: leahc@fhcsd.org | C8: 8061
A9: Colleen Bosse | B9: colleenb@fhcsd.org | C9: 619-838-5553
A10: Edward Whalen | B10: edwardwh@fhcsd.org
A11: Irina Kops | B11: irinak@fhcsd.org
A12: Jillian Hanes | B12: jillianruthh@fhcsd.org
A13: Esther Chacon | B13: estherc@fhcsd.org | C13: 619-952-4089
A14: Tia Huggins | B14: lindah@fhcsd.org
A15: Silvia Valdez | B15: silvia@fhcsd.org | C15: 619-502-2007
A16: Sandra Coronel | B16: Sandracor@fhcsd.org
A18: FHCP HOLIDAYS
A19: Memorial Day | B19: July 4th | C19: Labor Day
A20: Thanksgiving Day | B20: Christmas Day
A21: A day after thanksgiving | B21: New Year's Day
A26: Date | B26: Day of Week | C26: Holiday Name | D26: HC | E26: HC
A27: 45292 | B27: Wednesday | C27: New Year’s Day | D27: Denise | E27: Edward | F27: Delilah | G27: Juan Macias
A28: 45803 | B28: Monday | C28: Memorial Day | D28: Denise | E28: Edward | F28: Delilah | G28: Juan Macias
A29: 45477 | B29: Friday | C29: Independence Day | D29: Denise | E29: Edward | F29: Delilah | G29: Juan Macias
A30: 45901 | B30: Monday | C30: Labor Day | D30: Denise | E30: Edward | F30: Delilah | G30: Juan Macias
A31: 45988 | B31: Thursday | C31: Thanksgiving Day | D31: Denise | E31: Edward | F31: Delilah | G31: Juan Macias
A32: 45989 | B32: Friday | C32: A Day after Thanksgiving
A33: 45651 | B33: Thursday | C33: Christmas Day | D33: Denise | E33: Edward | F33: Delilah | G33: Juan Macias

Sheet FHC Active Employees
A1: C.N.A./PCA | B1: LVN | C1: RN | D1: North County RN
A2: Adriana Chavez | B2: Akilah Hudson | C2: Adam Miller | D2: Blair Dietrich
A3: Andres Gomez | B3: Anne Lawrence | C3: Amanda Meyers | D3: Cristina Malinis
A4: Belem Brown | B4: Danilo Nagal | C4: Benny Grepo | D4: Frances Raquino
A5: Keah Gomez | B5: Don McCluster | C5: Colleen Rose | D5: Irene Grepo
A6: Bethzaida Kiah | B6: Ejigayehu Wakjira | C6: Fatemeh Veisch | D6: Joshua Hahn
A7: Claudia Fronda | B7: Eric Estes | C7: Heidi Wester | D7: Kenneth Sierleja (Deployed)
A8: Daisy Famobuwa | B8: Jayvee Varela | C8: Jervia Fickens | D8: Stacy Munro
A9: Daniel Chavez | B9: Margo Porter | C9: Josephine Marshall | D9: Tasha Carey
A10: Diana Noriega Martinez | B10: Nadhii Bachie | C10: Kathleen Bautista | D10: Sandra Oswald
A11: Bibiana Mendoza | B11: Sche'kinah Ortiz (Indefinite Leave) | C11: Malcolm Linton | D11: Athena Dahlin
A12: Ekjot Atwal | B12: Rochelle Goose | C12: Mary Brown | D12: Kristina Zuanich
... A14: Eliseo Mancilla | B14: Cynthia Resendiz | C14: Michel Fonte | D14: Sierra Brown
A15: Ethna Bela | C15: Michelle Sanantonio | D15: Amanda Stanford
A16: George Cachu | C16: Monique Ramos | D16: Douglas Taylor
A17: Guadalupe Martinez | C17: Priscilla Castro Blake
A18: Hadassa Yusuf | C18: Ray Clarence Reyes
A19: Irma Briseno | C19: Elsey Hoopi
A20: Jasmin Jauregui | C20: Renee Ramos
A21: Margarita Garcia Mata | C21: Nicole Sahagun
A22: Marimar Valdez Camacho | C22: Andrea Jacome
A23: Maryam Zarabi | C23: Kristina Punsalan
A24: Mordecai Yusuf | C24: Byron Bandonell
A25: Patricia Flores | C25: Felsie Joy Cortes
A26: Perla Carrera | C26: Anna Tiria
A27: Roya Tahiry | C27: Gabriela Musgrave
A28: Salamatu Musa
A29: Samantha Rodriguez
A30: Sophia Zouvas
A31: Susan Rubalcava
A32: Trina Tahiry
A33: Vincent Sanantonio
A34: Miriam Garcia Estrada
A35: Tristan Ortega
A36: Tamir Lucas
A37: Beatrice Amoah
A38: Rifqa Anglo
A39: Parwin Shirzad
... A63: Active / Visiting patients

Sheet Sheet10
A1: Mercedes Salazar
A4: 37384

Sheet Employees
A4: C.N.A./PCA | B4: LVN | C4: RN | D4: North County
A5: Perla C. | B5: Danilo N. | C5: Heidi W. | D5: Kenneth S.
A6: Diana M. | B6: Don M. | C6: Michael H. | D6: Tasha C.
A7: Andres G. | B7: June M. | C7: Patrick K. | D7: Brandon L.
A8: Samantha R. | B8: Sche'kinah O. | C8: Renee R. | D8: Stacy M.
A9: Norka M. | B9: Natasha S. | C9: Monique R. | D9: Joshua H.
A10: Vincent S. | B10: Lakisha L. | C10: Michelle S. | D10: Fernanda C.
A11: Joy C. | B11: Margo P. | C11: Malcolm L. | D11: Lakeisha G.
A12: Trina T. | B12: Eric E. | C12: Jervia F. | D12: Irene G.
A13: Roya T. | B13: Margo P. | C13: Mary B. | D13: Cristina M.
A14: Hadassa Y. | B14: Karla G. | C14: Jeanne B.* | D14: Daniella G.
A15: Patricia F. | B15: Jayvee J. | C15: Kathleen B. | D15: Frances R.
A16: Marilyn G. | B16: Carla C. | C16: Blair D. | D16: Stacy M.
A17: Eliseo M. | B17: Nadhii B. | C17: Kristina Z.
A18: Maleah H. | B18: Anne (Noel) L. | C18: Priscilla C.
A19: Jessica B. | B19: Nadhii B. | C19: Josephine M.
A20: Guadalupe M. | C20: Adam M.
A21: Adayilo Y. | C21: Luis M.
A22: Mynerva R. | C22: Ray R.
A23: Ethna B. | C23: Amanda M.
A24: Lara R. | C24: Patel R.
A25: Giselle H. | C25: Jamell B.
A26: Fatima T. | C26: Byron B.
A27: Ekjot A. | C27: Mariko S.
A28: Maya E. | C28: Alyssa G.
A29: Eknoor A. | C29: Ejigayehu (Jijee)
A30: Mirtha S. | C30: Brigette S.
A31: Jacqueline L. | C31: Michel F.
A32: Sandra M.
A33: Chloe A.
A34: Muniba D.
A35: Abigail A.
A36: Susan R.
A37: Daisy F.
A38: Fatuma S.

Sheet Sheet1
A1: Full Name | B1: Hiring Source | C1: Most Recent Hire
A2: Monique Ramos | B2: Brightstar | C2: 44254
A3: Renee Ramos | B3: Brightstar | C3: 44285
A4: Eric Estes | B4: Brightstar | C4: 44442
A5: Michelle Sanantonio | B5: Brightstar | C5: 44449
A6: Margo Porter | B6: Brightstar | C6: 44484
A7: Yolanda Tolliver | B7: Brightstar | C7: 44485
A8: Perla Carrera | B8: Brightstar | C8: 44527
A9: Patricia Stanford | B9: Brightstar | C9: 44554
A10: Patricia Flores | B10: Brightstar | C10: 44562
A11: Emily Jimenez | B11: Brightstar | C11: 44651
A12: Damascene Tumaine | B12: Brightstar | C12: 44718
A13: Malcolm Linton | B13: Brightstar | C13: 44841
... A26: Vincent Sanantonio | B26: Brightstar | C26: 45208

Sheet Sheet2

Sheet Sheet4
A1: C.N.A./PCA | B1: LVN | C1: RN | D1: North County RN
A2: Abigail Adrianse | B2: Akilah Hudson | C2: Adam Miller | D2: Blair Dietrich
A3: Adayilo (Gift) Yusuf | B3: Anne Lawrence | C3: Amanda Meyers | D3: Byron Bandonell
A4: Andres Gomez | B4: Danilo Nagal | C4: Benny Grepo | D4: Cristina Malinis
A5: Belem Brown | B5: Don McCluster | C5: Brian Melgar | D5: Daniela Gonzalez
A6: Bethzaida Kiah | B6: Ejigayehu Wakjira | C6: Colleen Rose | D6: Fernanda Carvalho
A7: Daisy Famobuwa | B7: Eric Estes | C7: Cristina Malinis | D7: Frances Raquino
A8: Daniel Chavez | B8: Jayvee Varela | C8: Daniela Gonzalez | D8: Irene Grepo
A9: Diana Noriega Martinez | B9: June Medina | C9: Frances Raquino | D9: Joshua Hahn
A10: Ekjot Atwal | B10: Margo Porter | C10: Heidi Wester | D10: Kenneth Sierleja
A11: Eknoor Atwal | B11: Nadhii Bachie | C11: James Snyder | D11: Stacy Munro
A12: Eliseo Mancilla | B12: Sche'kinah Ortiz | C12: Jervia Fickens | D12: Tasha Carey
A13: Ethna Bela | C13: Josephine Marshall
A14: Fatuma Shulungu | C14: Joshua Hahn
A15: Felicia Cain | C15: Kathleen Bautista
A16: George Cachu | C16: Luis Martinez
A17: Giselle Herrera | C17: Malcolm Linton
A18: Gladimir Dumorne | C18: Mariko Sato
A19: Guadalupe Martinez | C19: Mary Brown
A20: Hadassa Yusuf | C20: Michael Horton
A21: Jasmin Jauregui | C21: Michel Fonte
A22: Keah Gomez | C22: Michelle Sanantonio
A23: Leticia Reyes | C23: Monique Ramos
A24: Margarita Mata | C24: Priscilla Castro Blake
... A26: Marilyn Gabriana | C26: Renee Ramos
A27: Marimar Valdez camacho
A28: Maryam Zarabi
A29: Mordecai Yusuf
A30: Mynerva Ramirez Trebil
A31: Patricia Flores
A32: Patricia Stanford
A33: Perla Carrera
A34: Roya Tahiry
A35: Salamatu Musa
A36: Samantha Rodriguez
A37: Sandra McGowan
A38: Susan Rubalcava
... A65: Kristina Zuanich

Sheet Sheet5
A1: HOME HEALTH/SKILLED Participant's First and Last Name | B1: Case Managers
A2: Alonzo, D. | B2: Mercy
A3: Araujo, D. | B3: Galia
A4: Audia, A. | B4: Galia
A5: Bahena, J. | B5: Maribel
A6: Barajas Barragan, A. | B6: Galia
A7: Brae, A. | B7: Galia
A8: Calderon, E. | B8: Galia
A9: Calderon, G. | B9: Aaron
A10: Campbell, C | B10: Nehita
A11: Clark, D. | B11: Nehita
A12: Corrales, G. | B12: Aaron
... A92: Zuniga Sandoval, V. | B92: Aaron

Sheet Sheet6
A1: Mercedes S. | B1: Time | C1: CG
A2: 5/8/2025 (Thurs) | B2: 5pm-5am | C2: Adriana
A4: 5/9/2025 (Friday) | B4: 5am - 7am | C4: Trina
B5: 5pm-5am | C5: Emily
A7: 5/10/2025 (Saturday) | B7: 5am-7am | C7: Trina
B8: 7am-7pm | C8: Claudia
B9: 7pm-7am | C9: Samantha
A11: 5/11/2025 (Sunday) | B11: 7am-7pm | C11: Claudia
B12: 7pm-7am | C12: Samantha
A14: 5/12/2025 (Monday) | B14: 5pm - 5am | C14: Adriana
B15: 5am-7am | C15: Trina
A17: 5/13/2025(Tuesday) | B17: 5pm - 5am | C17: Adriana
B18: 5am-7am | C18: Trina

Sheet Sheet8
A1: Gilberto Medina
A2: Nathaniel Gardner
A3: Genaro Calderon
A4: Guillermo Corrales
A5: Annette Tucker
A6: Steven Berend
A7: Alma Martinez
A8: Dolores Medrano
A9: Moreno Cardneas
A10: Rosemary Raney
A11: Jessie Suit
A12: Eana Tsehaynesh
... A35: Phillip Bishay

Sheet Sheet9
A2: Participant (ppt) | B2: Inclusive dates of coverage needed | D2: Assigned Nurse | E2: Notes
A3: Denise V. | B3: Mon, Tues, Th, & Fri | C3: June 02 until June 20, 2025 | D3: Fatemeh
A4: Edgar L. | B4: Thurs only | C4: June 05, 12, & 19 | D4: Fatemeh | E4: EXP: 5/26/2025
A5: Daniel A. | B5: Mon & Fri only | C5: June 2, 6, 9, 13, 16, & 20 | D5: Eric | E5: EXP: 4/27/2025 (Ongoing)
A6: Celia M. | B6: Monday thru Friday | C6: June 02 until June 20, 2025 | D6: Margo | E6: EXP: 5/27/2025 (Ongoing)
A7: Roberto R. | B7: Wed only | C7: June 04, 11, & 18 | D7: Margo
A8: Jefferey R. | B8: MWF | C8: June 02 until June 20, 2025 | D8: Margo
A9: Maria D. | B9: Thurs only | C9: June 05, 12, & 19 | D9: Michelle S. | E9: follow up on June 1st to confirm her availability
